,Patient_ID,PREFIX,FIRST,MIDDLE,LAST,GENDER,BIRTHDATE,AGE,MARITAL,STATE,FIPS,PHONE_NO,DRIVERS,SUFFIX,COUNTY,RACE,CITY,LON,ADDRESS,LAT,DEATHDATE,HEALTHCARE_EXPENSES,MAIDEN,INCOME,ZIP,BIRTHPLACE,SSN,PASSPORT,ETHNICITY,HEALTHCARE_COVERAGE
0,P00001,Mr.,Sandra,Michael,Hopkins,M,1999-06-26,25,Married,MO,29925,3147437053,D2249781,III,Boone,Asian,Springfield,-90.791824,6901 Main St,37.165308,,11290,,42016,64106,Missouri,290-17-9822,P724455423,Hispanic or Latino,14204
1,P00002,Mrs.,Samuel,Julian,Davis,F,1995-04-01,29,Widowed,MO,29323,3143846242,D7375005,Jr.,Jackson,Asian,Kansas City,-92.922498,7329 Main St,36.462912,,10353,Davis,110816,65201,Missouri,530-76-9008,P980940282,Not Hispanic or Latino,5016
2,P00003,Mr.,Kathryn,Melissa,Williams,M,1964-06-21,60,Married,MO,29105,3143020809,D7945192,,Boone,Other,St. Louis,-94.494327,394 Main St,38.563243,,8191,,48507,63101,Missouri,860-83-7548,P826368345,Not Hispanic or Latino,5027
3,P00004,Master,Dawn,Justin,Castro,M,2010-02-07,15,Widowed,MO,29919,3143132507,D6225128,,Jackson,Other,Columbia,-91.59988,7314 Main St,38.970879,,10016,,102444,63101,Missouri,957-65-3211,P985615286,Not Hispanic or Latino,10842
4,P00005,Master,Jasmine,Leslie,Diaz,M,2014-07-17,10,Married,MO,29841,3147923377,D8706994,,Greene,Black,Springfield,-90.575113,7543 Main St,36.820231,,13884,,61881,65807,Missouri,922-54-8200,P354962526,Hispanic or Latino,11354
5,P00006,Mr.,Benjamin,Regina,Wright,M,1988-10-24,36,Divorced,MO,29898,3146561257,D7857468,Sr.,St. Louis,Other,Independence,-91.126496,9195 Main St,38.49729,,13134,,55493,64050,Missouri,653-52-7916,P836575962,Not Hispanic or Latino,1492
6,P00007,Mrs.,Jennifer,Miguel,Rodriguez,F,1987-05-18,37,Married,MO,29187,3148355112,D4012639,,St. Charles,Other,Kansas City,-93.87096,3831 Main St,38.158935,,11345,Rodriguez,110354,63101,Missouri,330-17-3859,P890532651,Hispanic or Latino,1772
7,P00008,Master,Rebecca,Benjamin,Cook,M,2008-03-16,16,Divorced,MO,29101,3149013594,D6451025,,Jackson,Black,Springfield,-90.535623,6669 Main St,36.534823,,13687,,20965,63101,Missouri,156-72-3891,P855187407,Hispanic or Latino,7907
8,P00009,Mrs.,Scott,Jacqueline,Perkins,F,1947-11-20,77,Widowed,MO,29297,3145976386,D6282644,,Boone,White,St. Louis,-94.377763,4243 Main St,36.121876,,9976,Perkins,39385,65807,Missouri,987-84-7923,P724154115,Hispanic or Latino,3781
9,P00010,Miss,Patrick,Kimberly,Brown,F,2007-11-06,17,Single,MO,29938,3147080168,D5154533,,St. Charles,Asian,Independence,-90.593437,3061 Main St,38.236701,,9202,Brown,76499,64106,Missouri,315-95-2753,P408601326,Hispanic or Latino,10631
10,P00011,Mrs.,John,Melissa,Alexander,F,1961-01-10,64,Married,MO,29852,3140920349,D8980054,III,St. Charles,Black,St. Louis,-93.810499,3645 Main St,38.671453,,19241,Alexander,64222,65201,Missouri,829-88-8768,P414049285,Not Hispanic or Latino,12939
11,P00012,Mr.,Maureen,Jeanette,Gibson,M,1929-06-29,95,Widowed,MO,29739,3143327507,D1134283,Jr.,St. Charles,Black,Springfield,-93.797296,148 Main St,36.639769,,5914,,115554,63101,Missouri,705-62-5905,P746542239,Hispanic or Latino,8413
12,P00013,Miss,Dylan,Joseph,Davis,F,2024-03-25,10,Widowed,MO,29316,3145980172,D9832379,,Jackson,Black,Columbia,-90.737717,1577 Main St,37.058038,,16725,Davis,90368,64106,Missouri,573-76-2998,P976025035,Hispanic or Latino,11459
13,P00014,Mr.,Joseph,Martha,Norman,M,1947-09-06,77,Single,MO,29130,3141365853,D2275081,,Greene,White,Kansas City,-94.098133,9095 Main St,39.145088,,14770,,63150,65201,Missouri,807-65-9646,P114525180,Hispanic or Latino,9672
14,P00015,Mr.,Richard,Brett,Robinson,M,1996-03-17,28,Widowed,MO,29298,3149917274,D7351804,,Jackson,Hispanic,Kansas City,-91.809325,8938 Main St,39.493275,,13410,,63347,64050,Missouri,546-24-2513,P310632740,Hispanic or Latino,4667
15,P00016,Mr.,Michelle,Casey,Vargas,M,1971-10-04,53,Married,MO,29787,3140650515,D5163873,Jr.,Jackson,Black,Independence,-94.468648,1740 Main St,39.208389,,9298,,95826,65201,Missouri,122-76-2078,P547300736,Hispanic or Latino,2066
16,P00017,Mrs.,Melissa,Cody,Martinez,F,1973-05-19,51,Single,MO,29913,3147944866,D4750541,,Greene,Black,Springfield,-92.729845,4696 Main St,36.898833,,12150,Martinez,111412,63101,Missouri,972-52-3374,P870655512,Hispanic or Latino,14993
17,P00018,Master,Angela,Brittany,Berg,M,2017-12-20,10,Single,MO,29739,3144560840,D3186496,,Greene,White,Independence,-92.16371,8091 Main St,39.967972,,2353,,113103,63101,Missouri,332-69-6414,P831969589,Not Hispanic or Latino,12699
18,P00019,Master,Ann,Jason,Drake,M,2022-12-20,10,Single,MO,29453,3147162945,D7625233,,Greene,Hispanic,Independence,-90.738968,8451 Main St,37.135792,,13325,,72207,64050,Missouri,558-76-7246,P917801435,Not Hispanic or Latino,6840
19,P00020,Mrs.,Gloria,Jessica,Phillips,F,1951-09-12,73,Married,MO,29347,3148803291,D7895359,,Jackson,Other,Columbia,-91.407814,3682 Main St,39.506691,,11366,Phillips,86412,64050,Missouri,944-47-1402,P846843254,Not Hispanic or Latino,3835
20,P00021,Mrs.,Edwin,Perry,Roberts,F,1964-03-19,60,Married,MO,29136,3148460004,D5490378,,Greene,Hispanic,Springfield,-91.558003,2263 Main St,36.925529,,15943,Roberts,47151,65201,Missouri,351-18-6560,P482379878,Hispanic or Latino,4007
21,P00022,Master,Caleb,Crystal,Riley,M,2007-05-04,17,Widowed,MO,29555,3145153067,D5577628,III,St. Charles,White,Columbia,-92.308621,9223 Main St,36.089887,,6998,,31413,63101,Missouri,347-65-8853,P196343571,Hispanic or Latino,9456
22,P00023,Mrs.,Donald,Marissa,Gates,F,1994-06-30,30,Single,MO,29423,3144671872,D5774403,,Greene,Hispanic,St. Louis,-93.970724,8892 Main St,38.332238,,15919,Gates,100634,64106,Missouri,330-99-1445,P810909059,Not Hispanic or Latino,8148
23,P00024,Mr.,Curtis,Emily,Mclaughlin,M,1977-11-10,47,Widowed,MO,29157,3146192122,D6455916,,St. Charles,Asian,St. Louis,-92.88015,5898 Main St,36.85524,,2707,,48940,65807,Missouri,601-34-4881,P420928331,Hispanic or Latino,1410
24,P00025,Mrs.,Rhonda,Blake,Phillips,F,1977-11-05,47,Widowed,MO,29857,3144584031,D2588359,III,St. Charles,Hispanic,St. Louis,-91.71574,8129 Main St,39.103995,,8198,Phillips,48119,64050,Missouri,566-14-5020,P170697163,Not Hispanic or Latino,13756
25,P00026,Master,Sean,Amy,Mathews,M,2011-05-24,13,Married,MO,29438,3149784419,D4184573,III,Greene,Hispanic,Columbia,-92.531033,1115 Main St,38.891815,,2271,,31786,64050,Missouri,948-36-6243,P762174796,Hispanic or Latino,4685
26,P00027,Mrs.,Jacqueline,Roy,King,F,1968-02-15,57,Single,MO,29369,3144162453,D1036138,Sr.,St. Louis,Other,Independence,-91.721058,7687 Main St,38.198178,,6736,King,52005,64050,Missouri,964-32-4750,P427505310,Hispanic or Latino,10923
27,P00028,Mrs.,David,Caroline,Campos,F,1957-09-22,67,Widowed,MO,29412,3147918836,D8785282,,Boone,Hispanic,Kansas City,-90.83269,5747 Main St,37.445624,,7927,Campos,99318,64050,Missouri,559-28-7888,P274859332,Not Hispanic or Latino,5722
28,P00029,Mrs.,Shelley,Jessica,Nelson,F,1985-04-04,39,Divorced,MO,29739,3141015005,D7754980,Sr.,Greene,Other,Springfield,-93.809467,4970 Main St,36.70295,,9863,Nelson,66026,64106,Missouri,510-58-5350,P714219334,Hispanic or Latino,10471
29,P00030,Mrs.,Douglas,Sarah,Rodgers,F,1962-12-25,62,Divorced,MO,29994,3146759813,D1233647,,Boone,Other,Independence,-90.138031,6649 Main St,37.74207,,4941,Rodgers,44624,64050,Missouri,996-94-7744,P234873267,Not Hispanic or Latino,7992
30,P00031,Mr.,Andrew,Cheryl,Sutton,M,2001-05-17,23,Divorced,MO,29583,3149033509,D4359468,Jr.,Jackson,Black,St. Louis,-92.265918,3698 Main St,36.63496,,13415,,23975,64106,Missouri,941-51-9938,P461068984,Not Hispanic or Latino,13517
31,P00032,Mr.,Rachel,Kristen,Brown,M,1953-01-10,72,Divorced,MO,29670,3149725975,D3678388,Sr.,St. Charles,Black,St. Louis,-91.928203,5922 Main St,38.068248,,17207,,75262,65201,Missouri,513-69-4824,P174060809,Not Hispanic or Latino,8900
32,P00033,Mr.,George,Kimberly,Hicks,M,1991-05-28,33,Widowed,MO,29323,3145234870,D2873968,III,St. Louis,Black,Independence,-90.41105,2303 Main St,36.628565,,11179,,57211,64050,Missouri,808-43-2913,P822098416,Hispanic or Latino,1081
33,P00034,Mrs.,Bradley,Theresa,Page,F,1929-10-17,95,Married,MO,29554,3147971543,D5351898,Jr.,St. Louis,Other,Independence,-92.244947,3268 Main St,36.209117,,4778,Page,66950,65807,Missouri,548-61-1754,P478922169,Hispanic or Latino,12850
34,P00035,Mrs.,Jennifer,Dean,Ellis,F,1966-04-07,58,Single,MO,29402,3146555383,D8738459,,Jackson,Asian,St. Louis,-93.557551,1110 Main St,36.857073,,10303,Ellis,68762,65807,Missouri,105-10-3742,P445848299,Hispanic or Latino,12225
35,P00036,Mr.,Nancy,Julie,White,M,1958-09-29,66,Widowed,MO,29046,3143835596,D9242778,,Jackson,Other,Columbia,-92.514943,6198 Main St,39.791106,,4713,,27445,65807,Missouri,135-72-9429,P583972746,Not Hispanic or Latino,14181
36,P00037,Mrs.,Barbara,Sherry,Whitaker,F,1955-08-10,69,Widowed,MO,29900,3147340045,D9062671,III,Jackson,Other,Kansas City,-91.224498,2385 Main St,39.057428,,14795,Whitaker,27044,64050,Missouri,440-42-9898,P629983574,Hispanic or Latino,7484
37,P00038,Mr.,Scott,Scott,Tate,M,1991-08-06,33,Divorced,MO,29574,3143746140,D8533795,,Greene,Black,Columbia,-93.963579,8071 Main St,38.891796,,18047,,77621,65807,Missouri,621-29-2631,P163614636,Hispanic or Latino,14678
38,P00039,Mrs.,Anna,Amanda,Thompson,F,1990-02-02,35,Divorced,MO,29827,3141263482,D6309913,,St. Louis,Asian,Kansas City,-94.145325,5685 Main St,38.885685,,2810,Thompson,35972,63101,Missouri,982-99-9304,P688436957,Not Hispanic or Latino,12795
39,P00040,Mrs.,Andre,Lori,Burns,F,2005-07-22,19,Divorced,MO,29395,3149092214,D3620029,,Boone,Other,Kansas City,-90.564772,9744 Main St,38.055814,,3712,Burns,92283,65201,Missouri,470-13-8644,P234776465,Hispanic or Latino,11829
40,P00041,Mrs.,Anna,Anthony,Castro,F,1998-10-16,26,Single,MO,29664,3145844387,D1419776,,St. Charles,Hispanic,Kansas City,-92.289671,8456 Main St,38.506327,,6985,Castro,70512,63101,Missouri,782-45-5929,P637080560,Hispanic or Latino,3822
41,P00042,Master,Angela,Megan,Bradford,M,2024-08-03,10,Divorced,MO,29243,3144197296,D6550781,,St. Louis,Other,Springfield,-94.209035,6315 Main St,38.457,,4861,,50684,65201,Missouri,209-82-1394,P399039617,Not Hispanic or Latino,8721
42,P00043,Mr.,Jose,Jonathan,Jackson,M,1962-01-07,63,Divorced,MO,29269,3141089213,D4897728,,St. Charles,Black,Columbia,-91.421679,209 Main St,38.520971,,5973,,57787,64050,Missouri,289-93-7073,P805189328,Not Hispanic or Latino,12873
43,P00044,Mrs.,Jacob,Tammy,Ellis,F,1967-08-11,57,Divorced,MO,29907,3146893921,D5492403,,Boone,Other,Springfield,-94.089679,7549 Main St,37.677071,,9984,Ellis,103690,63101,Missouri,386-10-2014,P972386000,Hispanic or Latino,3541
44,P00045,Miss,Steven,Michelle,Munoz,F,2020-11-04,10,Married,MO,29504,3144551449,D9756580,III,Boone,Hispanic,Independence,-93.284207,4397 Main St,38.513701,,8933,Munoz,104406,64050,Missouri,712-53-8592,P747296039,Hispanic or Latino,4437
45,P00046,Mrs.,Jessica,Leah,Mcknight,F,2006-11-21,18,Divorced,MO,29772,3146751065,D6291672,Sr.,Greene,Hispanic,Columbia,-90.156594,181 Main St,36.013836,,4141,Mcknight,84176,65807,Missouri,927-86-3148,P795578654,Hispanic or Latino,4896
46,P00047,Mr.,Katelyn,Carla,Frederick,M,2002-02-17,22,Widowed,MO,29164,3140004354,D9217226,,Greene,Other,Columbia,-94.332403,3879 Main St,38.837036,,4659,,97811,65201,Missouri,611-28-6846,P270677904,Not Hispanic or Latino,14526
47,P00048,Mrs.,Sharon,John,Smith,F,1966-02-08,59,Single,MO,29782,3140403633,D8191787,,St. Louis,Black,Columbia,-93.557908,6890 Main St,36.35068,,16018,Smith,34706,63101,Missouri,749-34-1454,P422143076,Hispanic or Latino,11197
48,P00049,Mrs.,Joseph,Matthew,Hernandez,F,1994-03-03,30,Married,MO,29142,3147714318,D1274467,,Boone,Black,St. Louis,-90.132063,9284 Main St,37.328791,,14511,Hernandez,65196,64050,Missouri,921-67-3686,P168676438,Not Hispanic or Latino,4074
49,P00050,Mrs.,Matthew,David,Cobb,F,1953-02-26,71,Married,MO,29237,3147689305,D4156910,Sr.,Boone,Other,Columbia,-90.671207,1590 Main St,36.46464,,4491,Cobb,83409,65807,Missouri,556-14-4672,P784898315,Not Hispanic or Latino,11853
50,P00051,Mr.,Ashley,Phillip,Herring,M,1999-08-04,25,Divorced,MO,29012,3140999390,D9091382,,St. Charles,Hispanic,Independence,-91.090897,3318 Main St,38.215137,,9826,,91040,65201,Missouri,390-33-3316,P186485156,Hispanic or Latino,4452
51,P00052,Mr.,Miguel,Christina,Parker,M,2005-09-27,19,Widowed,MO,29529,3140747468,D2445932,,Greene,Asian,Springfield,-90.822326,9845 Main St,38.147081,,3577,,63817,65201,Missouri,213-44-6537,P449127706,Hispanic or Latino,1374
52,P00053,Mrs.,Veronica,David,Huff,F,1976-06-21,48,Married,MO,29038,3142654013,D8353328,,St. Louis,Black,Kansas City,-91.798205,5555 Main St,37.477732,,14873,Huff,71122,65807,Missouri,156-87-4501,P111665616,Hispanic or Latino,7654
53,P00054,Master,Andrew,Joseph,Beck,M,2012-03-25,12,Divorced,MO,29398,3140036590,D6380999,Sr.,Boone,Other,Springfield,-91.630467,2933 Main St,38.40295,,14956,,108724,63101,Missouri,148-20-5606,P715947453,Not Hispanic or Latino,4417
54,P00055,Mr.,Harold,James,Gomez,M,1955-03-22,69,Divorced,MO,29590,3140746407,D7450625,III,Jackson,Other,Columbia,-90.347682,8790 Main St,39.904439,,7784,,65325,65201,Missouri,415-32-2086,P736112838,Not Hispanic or Latino,10522
55,P00056,Master,Charlene,Debbie,Joyce,M,2024-03-01,10,Divorced,MO,29538,3144591545,D6658956,Sr.,Jackson,Black,Independence,-91.793445,368 Main St,38.2224,,10977,,63873,63101,Missouri,930-38-5485,P626341187,Not Hispanic or Latino,13390
56,P00057,Mrs.,Brandy,Kristen,Boyle,F,1982-03-03,42,Married,MO,29499,3144162854,D4862116,,Boone,White,Springfield,-93.834384,7899 Main St,37.59249,,16772,Boyle,29899,65807,Missouri,199-44-2860,P816787395,Not Hispanic or Latino,5519
57,P00058,Mrs.,Amanda,Daniel,Young,F,1968-03-10,56,Single,MO,29332,3144599313,D4829924,Sr.,Greene,Other,Springfield,-90.304051,206 Main St,36.209709,,11245,Young,76649,64106,Missouri,438-27-3230,P429743540,Not Hispanic or Latino,4171
58,P00059,Mrs.,Jessica,Dana,Flores,F,2005-04-03,19,Single,MO,29387,3149223498,D9964210,,Boone,Black,Independence,-94.585193,3235 Main St,39.079804,,14935,Flores,69203,63101,Missouri,291-42-4028,P580085419,Not Hispanic or Latino,3618
59,P00060,Mrs.,Sandra,Justin,Owen,F,1984-04-27,40,Single,MO,29881,3143558790,D5263782,Sr.,St. Louis,White,St. Louis,-93.159324,5795 Main St,36.164776,,15634,Owen,63773,65201,Missouri,225-31-5128,P908138806,Not Hispanic or Latino,6783
60,P00061,Mrs.,William,Robin,Smith,F,1988-06-20,36,Married,MO,29824,3140745067,D9588481,Jr.,Greene,Asian,St. Louis,-92.90019,2215 Main St,38.655023,,18937,Smith,38593,64050,Missouri,667-90-1025,P403413027,Not Hispanic or Latino,12492
61,P00062,Mrs.,Brian,Robert,Wiggins,F,1956-05-08,68,Widowed,MO,29120,3149568189,D5632337,III,Greene,Asian,Columbia,-94.580661,5953 Main St,39.266112,,14681,Wiggins,119395,63101,Missouri,162-70-4403,P606431719,Not Hispanic or Latino,8430
62,P00063,Master,William,Bryce,Williams,M,2022-08-15,10,Widowed,MO,29643,3147317594,D4334501,,Boone,White,Independence,-93.983411,8180 Main St,37.938927,,8897,,28156,65201,Missouri,103-56-1171,P326618962,Not Hispanic or Latino,7582
63,P00064,Mrs.,Emily,Jerome,Franklin,F,1960-06-16,64,Divorced,MO,29182,3147976192,D5938090,,St. Charles,Hispanic,Springfield,-92.03806,7891 Main St,39.78117,,18001,Franklin,64997,64106,Missouri,120-91-1912,P132156481,Not Hispanic or Latino,3663
64,P00065,Mrs.,Melinda,Shannon,Jones,F,2004-09-11,20,Single,MO,29544,3140013978,D5028936,,Greene,White,Columbia,-93.822093,8204 Main St,39.693938,,17029,Jones,101644,65807,Missouri,131-77-5421,P336140396,Not Hispanic or Latino,1651
65,P00066,Mr.,Amy,Jennifer,Young,M,1998-04-29,26,Single,MO,29389,3140386825,D5817304,Jr.,Boone,Asian,Kansas City,-94.415815,7815 Main St,39.468857,,4335,,21548,64050,Missouri,849-81-9791,P817438843,Not Hispanic or Latino,12691
66,P00067,Master,Lisa,Angel,West,M,2022-11-21,10,Divorced,MO,29418,3147147508,D2064386,Sr.,St. Charles,White,Kansas City,-91.956676,7205 Main St,39.682845,,17161,,32758,64106,Missouri,293-58-7249,P839165887,Not Hispanic or Latino,4368
67,P00068,Mrs.,Michael,Tracy,Johnson,F,1983-04-11,41,Divorced,MO,29481,3141520931,D6128134,Sr.,Boone,Hispanic,Independence,-92.322404,7620 Main St,39.027359,,19355,Johnson,102805,65807,Missouri,477-57-7079,P704965799,Hispanic or Latino,8728
68,P00069,Master,Kristin,Sarah,Matthews,M,2023-03-15,10,Married,MO,29172,3144344466,D6552458,III,St. Louis,Asian,Columbia,-94.057192,8715 Main St,38.932222,,6590,,20403,64050,Missouri,858-28-4706,P551966761,Hispanic or Latino,8800
69,P00070,Mrs.,Christian,Gary,Delgado,F,1959-10-02,65,Single,MO,29759,3144370040,D8022260,,Jackson,Hispanic,Kansas City,-91.75931,1224 Main St,38.533818,,10888,Delgado,90020,64106,Missouri,415-22-3326,P980453031,Not Hispanic or Latino,12563
70,P00071,Miss,Anna,Micheal,Martinez,F,2021-01-12,10,Married,MO,29106,3140547012,D9069155,,Jackson,Black,Kansas City,-94.561643,5236 Main St,38.955044,,16309,Martinez,81020,63101,Missouri,483-69-8212,P498554400,Not Hispanic or Latino,12086
71,P00072,Mrs.,Nancy,John,Graham,F,1972-04-18,52,Married,MO,29200,3146293437,D7120309,III,Jackson,Black,Independence,-92.525844,6535 Main St,39.124125,,10018,Graham,33720,63101,Missouri,170-61-1764,P837333375,Hispanic or Latino,5545
72,P00073,Miss,Donald,Susan,Anderson,F,2020-08-28,10,Married,MO,29494,3142836520,D5965627,Sr.,Greene,Asian,St. Louis,-91.943742,3045 Main St,36.743535,,12251,Anderson,68964,63101,Missouri,100-89-7054,P727825909,Not Hispanic or Latino,12767
73,P00074,Miss,Antonio,Michael,Hahn,F,2021-05-04,10,Single,MO,29891,3146445331,D6916677,,Jackson,Black,Columbia,-90.328253,9542 Main St,38.690395,,6759,Hahn,70778,64106,Missouri,725-60-3559,P692778574,Hispanic or Latino,8384
74,P00075,Mrs.,Jesus,Tammy,Ellis,F,1970-02-16,55,Widowed,MO,29168,3149340481,D2177484,Jr.,Jackson,Hispanic,Kansas City,-91.549817,2262 Main St,37.386604,,11261,Ellis,35248,63101,Missouri,322-56-6797,P458008497,Hispanic or Latino,6178
75,P00076,Miss,Charles,April,James,F,2020-04-12,10,Widowed,MO,29464,3147781204,D2126327,Sr.,St. Charles,Other,St. Louis,-93.29626,6265 Main St,36.984432,,7553,James,38908,64050,Missouri,439-27-1814,P465074550,Hispanic or Latino,4483
76,P00077,Mr.,Scott,Scott,Reyes,M,1977-08-14,47,Married,MO,29245,3141418540,D8496932,III,Greene,Other,Kansas City,-92.258866,5342 Main St,39.24863,,13786,,79640,65201,Missouri,546-84-8354,P884714960,Hispanic or Latino,2376
77,P00078,Mrs.,Anthony,Jasmine,Bates,F,1967-03-16,57,Widowed,MO,29828,3149969560,D8627901,,Greene,Other,St. Louis,-90.413099,5946 Main St,37.826782,,8272,Bates,69164,64106,Missouri,481-66-9621,P641640992,Not Hispanic or Latino,13249
78,P00079,Mrs.,Kevin,John,Daniel,F,1991-09-25,33,Widowed,MO,29742,3142263828,D4555079,III,St. Louis,White,Springfield,-92.838095,3714 Main St,37.680566,,16798,Daniel,39225,64050,Missouri,983-41-4831,P414206406,Not Hispanic or Latino,12888
79,P00080,Miss,Francisco,Robert,Khan,F,2017-01-09,10,Single,MO,29295,3148469715,D1120806,Sr.,St. Charles,Other,Springfield,-91.870798,7399 Main St,37.62058,,13383,Khan,89598,64050,Missouri,640-71-2732,P726455776,Not Hispanic or Latino,5376
80,P00081,Mrs.,Shannon,Jeffrey,Jones,F,2005-11-14,19,Divorced,MO,29348,3141971943,D8516057,Sr.,Jackson,Black,Columbia,-90.432935,9015 Main St,37.814547,,4406,Jones,40632,64050,Missouri,936-57-2320,P494200655,Hispanic or Latino,7722
81,P00082,Mr.,Joshua,Russell,Bradford,M,1984-05-04,40,Married,MO,29102,3144012841,D9320832,,St. Charles,Black,Kansas City,-90.361441,2409 Main St,39.182003,,12918,,97273,64106,Missouri,972-54-8840,P840112365,Hispanic or Latino,2932
82,P00083,Mr.,James,Cody,Williams,M,1988-04-21,36,Widowed,MO,29049,3143168730,D4723633,,Greene,White,Independence,-91.60406,5637 Main St,37.705636,,7370,,58516,63101,Missouri,184-22-8444,P560669054,Not Hispanic or Latino,8873
83,P00084,Mrs.,Patrick,Michael,Brown,F,1992-04-28,32,Single,MO,29126,3144455326,D1848545,Sr.,St. Charles,Other,Springfield,-92.295939,8571 Main St,37.401298,,15536,Brown,46356,63101,Missouri,373-87-2925,P399221755,Not Hispanic or Latino,12152
84,P00085,Mr.,Kyle,Bryan,Mercer,M,1978-03-24,46,Divorced,MO,29541,3144774752,D3618921,Sr.,Jackson,Hispanic,Columbia,-90.954858,9136 Main St,37.647832,,15662,,50524,63101,Missouri,564-66-6778,P511243694,Hispanic or Latino,7146
85,P00086,Mrs.,Jennifer,Pamela,Lambert,F,1973-05-03,51,Divorced,MO,29338,3142791958,D7560370,Sr.,St. Charles,Hispanic,St. Louis,-93.167889,3931 Main St,38.272426,,5808,Lambert,109650,64050,Missouri,571-39-7372,P405611221,Not Hispanic or Latino,11594
86,P00087,Mr.,Michelle,Brittany,Foster,M,1995-05-16,29,Married,MO,29184,3140508824,D6986912,,Jackson,White,Springfield,-93.213927,6844 Main St,39.155142,,4669,,96570,64106,Missouri,664-54-6214,P106068395,Hispanic or Latino,10496
87,P00088,Mrs.,Brittney,Autumn,Watson,F,1978-12-08,46,Married,MO,29568,3145664271,D7842012,,Jackson,Black,Independence,-91.410402,3063 Main St,37.272776,,3007,Watson,98838,65807,Missouri,708-99-2966,P471558151,Not Hispanic or Latino,11922
88,P00089,Mr.,Deborah,Sandra,Jennings,M,1991-05-06,33,Single,MO,29532,3142520819,D8058215,Jr.,Boone,Black,Springfield,-92.21809,7697 Main St,39.938153,,5130,,119072,64050,Missouri,155-39-1477,P243727259,Hispanic or Latino,10396
89,P00090,Mrs.,Richard,Jennifer,Gutierrez,F,1930-01-23,95,Widowed,MO,29497,3142907006,D1755385,,St. Charles,White,Springfield,-90.701748,553 Main St,39.09397,,12535,Gutierrez,34900,64106,Missouri,501-96-5812,P858370785,Hispanic or Latino,10854
90,P00091,Mr.,Pamela,Diane,Ellison,M,1950-11-24,74,Single,MO,29747,3145527542,D2301855,Sr.,Boone,White,St. Louis,-93.211001,179 Main St,36.501461,,10839,,52970,64106,Missouri,661-92-7697,P351695624,Hispanic or Latino,10960
91,P00092,Miss,Melissa,Kristin,Thomas,F,2009-05-05,15,Widowed,MO,29677,3142430272,D2114250,,St. Louis,Other,Springfield,-90.522404,1207 Main St,36.178553,,17961,Thomas,29467,63101,Missouri,852-70-8562,P260843897,Hispanic or Latino,9480
92,P00093,Mrs.,Todd,Robert,King,F,2005-12-04,19,Divorced,MO,29542,3141200565,D2741364,,Boone,Asian,Independence,-91.912043,4204 Main St,36.766913,,5964,King,78856,64050,Missouri,111-17-8438,P510950472,Not Hispanic or Latino,10676
93,P00094,Mrs.,Tammy,Michael,Joseph,F,1964-09-05,60,Single,MO,29220,3147828638,D5710346,III,St. Louis,Asian,Springfield,-91.353312,5048 Main St,37.798491,,19819,Joseph,81913,65201,Missouri,675-42-9125,P618119734,Hispanic or Latino,3278
94,P00095,Mrs.,Dillon,Veronica,Lawrence,F,1993-01-12,32,Divorced,MO,29239,3140101347,D3105475,Jr.,Boone,Asian,Columbia,-93.803555,1229 Main St,39.197896,,18477,Lawrence,88365,64050,Missouri,809-73-5732,P270490297,Hispanic or Latino,9168
95,P00096,Mr.,Rhonda,Amber,Parker,M,1966-09-09,58,Married,MO,29432,3145039571,D2705268,III,St. Charles,Hispanic,St. Louis,-91.327558,8796 Main St,37.09373,,14134,,33925,65201,Missouri,601-21-5246,P616367847,Not Hispanic or Latino,3624
96,P00097,Mrs.,Paula,Lori,Elliott,F,1964-10-26,60,Married,MO,29559,3145238391,D2268421,III,Boone,White,Springfield,-91.464079,4917 Main St,36.406123,,11723,Elliott,89868,63101,Missouri,827-39-4263,P111818106,Not Hispanic or Latino,1478
97,P00098,Mrs.,Paula,Jessica,Anderson,F,1969-02-09,56,Married,MO,29682,3142079368,D6611404,Sr.,Boone,Black,Springfield,-93.697977,873 Main St,37.471194,,9910,Anderson,89775,65201,Missouri,962-33-9885,P292273980,Hispanic or Latino,3551
98,P00099,Mrs.,Kevin,Carla,Marks,F,1966-03-15,58,Widowed,MO,29718,3147718240,D1747541,,St. Louis,Black,Kansas City,-91.486396,2494 Main St,36.059961,,18489,Marks,98552,63101,Missouri,602-24-2056,P667676943,Hispanic or Latino,11849
99,P00100,Miss,Alyssa,Howard,Lopez,F,2016-09-29,10,Married,MO,29938,3149700568,D9462478,III,St. Charles,White,St. Louis,-92.973309,8058 Main St,36.574631,,17215,Lopez,84752,65807,Missouri,562-74-7994,P282344612,Not Hispanic or Latino,9146
100,P00101,Master,Nathan,William,Perkins,M,2020-07-28,10,Single,MO,29916,3147513007,D9622243,III,Greene,Black,Springfield,-93.814311,4793 Main St,38.886782,,8386,,94624,64050,Missouri,961-22-2470,P493638867,Not Hispanic or Latino,3881
101,P00102,Mrs.,Sarah,Eugene,Jones,F,2003-10-04,21,Married,MO,29563,3146503776,D2934082,,Jackson,Asian,Springfield,-90.716693,4609 Main St,36.80128,,12265,Jones,83711,63101,Missouri,464-55-1739,P949256590,Hispanic or Latino,12854
102,P00103,Mrs.,Victoria,Kelly,Blankenship,F,2002-12-16,22,Divorced,MO,29175,3148426473,D5306731,,Boone,Asian,Springfield,-90.438723,6517 Main St,38.642224,,18833,Blankenship,31485,65807,Missouri,815-40-8982,P613699481,Not Hispanic or Latino,4174
103,P00104,Mrs.,David,Lisa,Nielsen,F,1960-11-27,64,Married,MO,29662,3140320871,D4591768,III,Greene,Other,Columbia,-91.107355,8764 Main St,39.943816,,8301,Nielsen,70451,63101,Missouri,337-43-1170,P310106630,Hispanic or Latino,13512
104,P00105,Mr.,Amanda,Elizabeth,Sheppard,M,1984-07-17,40,Married,MO,29210,3141909341,D7419365,,St. Charles,Other,Columbia,-90.032631,6029 Main St,39.71413,,12692,,78725,64106,Missouri,938-85-3516,P473416258,Hispanic or Latino,5485
105,P00106,Mr.,Jill,Colleen,Lawrence,M,1972-11-07,52,Widowed,MO,29360,3142761775,D7375570,Sr.,Jackson,Hispanic,Independence,-90.672605,1936 Main St,38.002329,,10893,,78595,64050,Missouri,362-32-7417,P865888596,Not Hispanic or Latino,12096
106,P00107,Mr.,Mark,Michael,Lara,M,1956-01-16,69,Divorced,MO,29420,3147362262,D3207345,,Jackson,Other,Independence,-90.525438,1293 Main St,39.923656,,9443,,30074,64050,Missouri,459-63-2605,P820459579,Hispanic or Latino,2196
107,P00108,Mrs.,Jennifer,David,Combs,F,1941-07-03,83,Married,MO,29506,3140567722,D7725259,Sr.,St. Louis,Black,Springfield,-90.272903,4367 Main St,38.894721,,8300,Combs,100379,65201,Missouri,294-70-1040,P587665562,Hispanic or Latino,14700
108,P00109,Mr.,Melissa,Tara,Mercado,M,1972-04-12,52,Married,MO,29498,3141183722,D5155961,,St. Charles,Other,Columbia,-94.341181,8453 Main St,37.334013,,8033,,83913,63101,Missouri,993-27-4797,P133695423,Hispanic or Latino,8424
109,P00110,Mr.,Jonathan,Kaitlyn,Soto,M,1990-11-18,34,Widowed,MO,29987,3140288162,D2302410,Sr.,St. Louis,White,Independence,-90.001331,504 Main St,36.133145,,15350,,111553,64106,Missouri,264-40-9316,P544830875,Hispanic or Latino,5700
110,P00111,Mr.,Michael,Charles,Garrett,M,2006-05-19,18,Single,MO,29100,3149579139,D6930780,Jr.,St. Louis,White,Independence,-90.681187,9837 Main St,37.230856,,15620,,22554,65201,Missouri,961-31-2644,P625420573,Hispanic or Latino,2985
111,P00112,Mr.,Vicki,Christopher,Murphy,M,1992-11-06,32,Widowed,MO,29423,3142779420,D8791955,Jr.,St. Charles,Black,St. Louis,-90.384546,130 Main St,39.723443,,3192,,107527,63101,Missouri,807-17-3024,P562248347,Not Hispanic or Latino,4704
112,P00113,Mr.,Antonio,Gina,Mcintyre,M,1956-06-26,68,Married,MO,29562,3140712238,D2316295,,Jackson,Asian,St. Louis,-90.938042,2343 Main St,39.731287,,4410,,21971,65807,Missouri,561-11-7678,P272110847,Hispanic or Latino,7144
113,P00114,Miss,Kelly,Tracey,Mejia,F,2014-06-19,10,Single,MO,29166,3142707467,D5714192,Jr.,St. Louis,Other,Columbia,-93.317061,9256 Main St,38.708702,,18881,Mejia,47971,65807,Missouri,519-71-1637,P211352923,Not Hispanic or Latino,7533
114,P00115,Mr.,Ian,Angela,Kennedy,M,1987-10-05,37,Divorced,MO,29308,3145005141,D5490706,,Jackson,Other,Independence,-92.803334,4434 Main St,39.898671,,14059,,97506,63101,Missouri,390-49-6971,P964294702,Hispanic or Latino,4255
115,P00116,Miss,Stephanie,Michael,Lopez,F,2019-10-10,10,Widowed,MO,29179,3145674726,D9548149,,Jackson,Other,St. Louis,-93.292159,8538 Main St,38.309562,,5286,Lopez,38654,64050,Missouri,964-48-6315,P540200449,Not Hispanic or Latino,8442
116,P00117,Mrs.,Tammie,Karen,Spencer,F,1973-08-09,51,Married,MO,29814,3149239855,D4088439,,Jackson,Hispanic,St. Louis,-91.553158,4446 Main St,37.347919,,3016,Spencer,65828,64106,Missouri,363-62-1804,P578214654,Hispanic or Latino,14519
117,P00118,Mrs.,Bonnie,Krista,Johnson,F,1996-05-14,28,Widowed,MO,29873,3144446821,D4118513,,St. Louis,Asian,Kansas City,-91.916183,1080 Main St,37.56286,,12952,Johnson,49921,65201,Missouri,833-58-5788,P371083546,Not Hispanic or Latino,7452
118,P00119,Miss,Jennifer,Brad,Carter,F,2021-11-09,10,Divorced,MO,29161,3148290048,D5976716,Sr.,Greene,Other,Columbia,-92.924955,6255 Main St,39.571341,,4441,Carter,110783,64106,Missouri,244-60-7747,P524572869,Not Hispanic or Latino,11695
119,P00120,Mr.,Daniel,John,Rich,M,1952-02-18,73,Divorced,MO,29905,3144049212,D5466094,,Greene,Asian,St. Louis,-93.81128,8414 Main St,38.09655,,18245,,39212,65807,Missouri,141-18-8842,P903664682,Not Hispanic or Latino,10844
120,P00121,Mr.,Michael,Mackenzie,Bright,M,1995-11-13,29,Single,MO,29010,3142452274,D8139011,,Jackson,Other,St. Louis,-93.085101,3899 Main St,39.74789,,12282,,111160,65201,Missouri,883-98-2385,P983945749,Hispanic or Latino,14333
121,P00122,Miss,Vanessa,Stacey,Moreno,F,2021-05-06,10,Married,MO,29485,3146463865,D7816186,,St. Charles,White,Kansas City,-92.604002,1323 Main St,39.972487,,8440,Moreno,97217,63101,Missouri,445-57-3483,P920439473,Not Hispanic or Latino,4328
122,P00123,Mr.,Heather,Steven,Campbell,M,1998-09-27,26,Single,MO,29572,3142752739,D7031735,,Jackson,Other,Independence,-94.374607,4968 Main St,38.592717,,16466,,106704,64106,Missouri,323-65-7949,P584098734,Hispanic or Latino,13163
123,P00124,Mr.,Matthew,Allison,Jordan,M,2006-10-06,18,Single,MO,29735,3147125040,D4418009,III,Greene,Asian,Columbia,-90.861888,5307 Main St,38.466742,,11086,,74608,64106,Missouri,904-16-9088,P837460448,Not Hispanic or Latino,14274
124,P00125,Master,Benjamin,Cynthia,Luna,M,2024-12-07,10,Single,MO,29513,3148839934,D8140562,,Jackson,White,Kansas City,-91.112974,1283 Main St,36.408042,,13994,,104440,65201,Missouri,796-98-3014,P451481271,Not Hispanic or Latino,6007
125,P00126,Mr.,Connor,Brenda,Hammond,M,1975-11-09,49,Divorced,MO,29165,3144289189,D9495385,,Jackson,White,Columbia,-93.204955,9323 Main St,38.568956,,8053,,23730,63101,Missouri,109-24-7653,P679889676,Not Hispanic or Latino,6855
126,P00127,Mrs.,Juan,Wendy,Walsh,F,1965-07-30,59,Widowed,MO,29086,3145481476,D5155615,,Boone,Asian,Columbia,-90.442851,9014 Main St,36.320302,,19198,Walsh,109364,65201,Missouri,679-11-8066,P716512232,Not Hispanic or Latino,14544
127,P00128,Miss,April,Tammy,Salas,F,2024-11-14,10,Divorced,MO,29266,3145718752,D1305187,Jr.,St. Charles,Asian,Independence,-90.008332,2401 Main St,36.528754,,14148,Salas,72466,64050,Missouri,444-98-9150,P981246893,Not Hispanic or Latino,14792
128,P00129,Mr.,Monique,Jose,Shaw,M,1964-01-03,61,Single,MO,29290,3147432756,D1176823,III,St. Louis,Hispanic,Springfield,-91.026022,6240 Main St,36.444087,,2977,,86846,63101,Missouri,124-18-7854,P819382499,Hispanic or Latino,6439
129,P00130,Mr.,Mark,James,Henson,M,1958-06-20,66,Single,MO,29472,3144400115,D3368040,Sr.,Jackson,Black,Independence,-90.064465,8276 Main St,38.365703,,11910,,96596,63101,Missouri,288-43-3887,P551390307,Hispanic or Latino,5677
130,P00131,Master,Michael,Brandon,Mcdonald,M,2014-08-04,10,Single,MO,29498,3147773772,D9521184,Sr.,St. Louis,White,Kansas City,-90.664796,4737 Main St,38.480384,,15353,,41948,65201,Missouri,770-47-2470,P603465791,Not Hispanic or Latino,7716
131,P00132,Mrs.,Jill,Lisa,Bright,F,1973-07-03,51,Widowed,MO,29666,3143000732,D2651292,Jr.,Jackson,Black,St. Louis,-93.024975,4720 Main St,37.46968,,12741,Bright,54887,64050,Missouri,941-82-4044,P725903301,Hispanic or Latino,4473
132,P00133,Mr.,Randy,Ronnie,Parker,M,1971-03-24,53,Widowed,MO,29528,3148316537,D3715644,,Greene,Black,Kansas City,-92.657531,1461 Main St,36.361032,,5439,,28454,65807,Missouri,617-35-8622,P723296022,Not Hispanic or Latino,4028
133,P00134,Mrs.,Karen,Raymond,Harper,F,1999-07-30,25,Divorced,MO,29234,3146163073,D1718030,Jr.,Boone,Black,Columbia,-92.955424,5603 Main St,39.095386,,16745,Harper,73068,63101,Missouri,191-45-1973,P641435097,Hispanic or Latino,9982
134,P00135,Mrs.,Larry,Kimberly,Bass,F,2004-09-06,20,Widowed,MO,29580,3147426892,D7363200,Sr.,Greene,Other,Columbia,-94.498762,974 Main St,39.930161,,17265,Bass,26550,65201,Missouri,118-92-8804,P502538609,Not Hispanic or Latino,3010
135,P00136,Mrs.,David,Ryan,Chambers,F,1971-05-10,53,Divorced,MO,29847,3143257032,D2853851,Sr.,Boone,Other,Columbia,-90.156402,6768 Main St,37.691999,,2108,Chambers,31143,65201,Missouri,423-93-3656,P931784897,Not Hispanic or Latino,3666
136,P00137,Mr.,Rickey,Erik,Love,M,1992-11-22,32,Single,MO,29720,3147041544,D2606863,,Jackson,White,Kansas City,-90.761548,8397 Main St,39.475345,,6704,,37001,64050,Missouri,220-38-6752,P813524609,Hispanic or Latino,5680
137,P00138,Mrs.,Patricia,Malik,Lynn,F,1989-12-14,35,Widowed,MO,29555,3141784431,D5869155,,Greene,Other,Columbia,-92.420159,837 Main St,37.756387,,8249,Lynn,99331,65201,Missouri,563-50-5919,P940252511,Hispanic or Latino,4183
138,P00139,Miss,Alexander,Thomas,Clark,F,2022-02-23,10,Divorced,MO,29164,3146999455,D1655100,III,Boone,Black,Springfield,-94.318644,8113 Main St,36.975157,,12647,Clark,117584,64106,Missouri,847-73-6650,P203732279,Hispanic or Latino,11826
139,P00140,Mr.,John,Gary,Nelson,M,1983-01-26,42,Widowed,MO,29232,3140177606,D2824001,Sr.,Greene,White,Kansas City,-93.767867,6794 Main St,37.025877,,13400,,36675,64050,Missouri,188-50-5134,P575791365,Hispanic or Latino,6172
140,P00141,Mrs.,Henry,Dylan,Kelly,F,1991-12-19,33,Married,MO,29994,3147579570,D1208155,,St. Charles,Hispanic,Springfield,-90.511499,5719 Main St,37.007539,,10326,Kelly,94654,64106,Missouri,731-72-1669,P319895120,Hispanic or Latino,3491
141,P00142,Mr.,Wayne,Raymond,West,M,1954-07-04,70,Widowed,MO,29472,3149125062,D5624672,III,St. Louis,Asian,Columbia,-92.394289,4131 Main St,36.889043,,5336,,117804,65807,Missouri,187-61-5090,P215541050,Hispanic or Latino,3321
142,P00143,Miss,Bianca,Jade,Robinson,F,2021-11-23,10,Widowed,MO,29168,3145862400,D6011180,Jr.,Boone,Black,St. Louis,-93.89537,9117 Main St,37.023119,,8211,Robinson,105350,65201,Missouri,983-34-7783,P430534427,Not Hispanic or Latino,12723
143,P00144,Mr.,James,James,Nixon,M,1965-12-22,59,Married,MO,29717,3141471608,D9983768,,Jackson,Black,Kansas City,-92.117788,7451 Main St,39.427882,,18403,,27589,64050,Missouri,560-62-6602,P759004970,Hispanic or Latino,14361
144,P00145,Mr.,William,Patricia,Shelton,M,2004-06-03,20,Married,MO,29767,3140908699,D1631320,,St. Charles,Other,Columbia,-92.333498,383 Main St,39.563272,,16146,,116290,65201,Missouri,491-70-7605,P858913628,Not Hispanic or Latino,2361
145,P00146,Mrs.,Anthony,Sara,Hunter,F,1995-02-19,29,Divorced,MO,29448,3144961787,D2595904,,St. Charles,Black,Columbia,-94.344532,673 Main St,36.923849,,15823,Hunter,48232,65807,Missouri,463-68-2345,P252960107,Hispanic or Latino,3925
146,P00147,Mr.,Diana,Kimberly,Price,M,1997-10-10,27,Widowed,MO,29805,3149157378,D6252915,III,St. Louis,Asian,Columbia,-92.240676,5492 Main St,39.864941,,5650,,44706,64106,Missouri,172-74-3159,P841641280,Not Hispanic or Latino,6366
147,P00148,Miss,Megan,Clinton,Morgan,F,2014-10-03,10,Single,MO,29582,3146459286,D7928116,,Greene,Black,Columbia,-90.636078,5403 Main St,39.713263,,2371,Morgan,60837,65807,Missouri,817-10-4355,P595807900,Hispanic or Latino,7039
148,P00149,Mrs.,Travis,Adam,Rojas,F,1997-06-23,27,Single,MO,29899,3141577969,D7330683,III,Boone,Black,Springfield,-90.20635,6483 Main St,37.48676,,3032,Rojas,72787,64106,Missouri,478-30-3787,P983339753,Not Hispanic or Latino,9142
149,P00150,Master,Aaron,Michael,Edwards,M,2007-04-18,17,Widowed,MO,29309,3146720096,D4483601,Sr.,St. Louis,Other,Independence,-90.092912,8501 Main St,38.819992,,7390,,40635,64050,Missouri,392-12-6564,P194371190,Not Hispanic or Latino,8419
150,P00151,Mr.,Amber,Tommy,Burke,M,1954-09-18,70,Divorced,MO,29036,3140485174,D7175483,Jr.,Greene,Black,Independence,-93.275113,6631 Main St,39.327656,,10418,,42170,63101,Missouri,597-40-3942,P767270440,Not Hispanic or Latino,3618
151,P00152,Mrs.,Michael,Sean,Chavez,F,2002-02-10,23,Widowed,MO,29540,3140367517,D5701978,Jr.,Jackson,Hispanic,Independence,-93.122489,2647 Main St,39.064932,,16541,Chavez,78337,63101,Missouri,394-41-2690,P261631993,Hispanic or Latino,3498
152,P00153,Mr.,Lisa,Kayla,Ward,M,1982-07-25,42,Widowed,MO,29886,3149430265,D5719952,,Boone,Other,Springfield,-91.249404,1325 Main St,36.29441,,16219,,78774,65201,Missouri,891-68-6482,P775800506,Hispanic or Latino,9871
153,P00154,Master,Tammy,Shannon,Spencer,M,2010-10-01,14,Married,MO,29675,3141916878,D5320692,,Greene,White,St. Louis,-90.624656,4481 Main St,38.870788,,3228,,66669,65807,Missouri,797-37-9268,P129393979,Hispanic or Latino,7011
154,P00155,Mrs.,Alicia,William,Brown,F,1999-05-22,25,Single,MO,29359,3146916739,D1950551,Sr.,Boone,Asian,Independence,-92.92615,9290 Main St,36.672126,,17693,Brown,94975,65201,Missouri,207-99-1733,P271251125,Not Hispanic or Latino,5806
155,P00156,Mrs.,Kenneth,Craig,Becker,F,1986-07-05,38,Divorced,MO,29059,3146875290,D6336173,,St. Charles,Other,Kansas City,-93.486365,3703 Main St,39.503417,,9690,Becker,91196,65201,Missouri,430-73-8220,P825508798,Hispanic or Latino,4582
156,P00157,Mr.,Paul,Veronica,Fisher,M,1974-09-18,50,Married,MO,29945,3144086154,D4343068,Sr.,Greene,Other,Springfield,-94.363778,7378 Main St,36.858732,,15625,,79300,63101,Missouri,491-38-3557,P348812005,Not Hispanic or Latino,2526
157,P00158,Mr.,Leslie,Kayla,Williams,M,1987-04-16,37,Single,MO,29913,3149611098,D9619825,III,Jackson,White,Springfield,-92.107128,2720 Main St,39.601278,,10991,,87280,64050,Missouri,334-65-7238,P394957774,Hispanic or Latino,4932
158,P00159,Mrs.,Douglas,Keith,Armstrong,F,2004-12-26,20,Divorced,MO,29964,3145354956,D2550958,,Boone,Asian,Independence,-91.618874,6217 Main St,36.034433,,13197,Armstrong,116972,64050,Missouri,187-64-6333,P835875268,Not Hispanic or Latino,11395
159,P00160,Mrs.,Angela,Matthew,Wilcox,F,1976-08-28,48,Divorced,MO,29585,3141761961,D1317714,,St. Charles,Hispanic,Columbia,-92.432813,2796 Main St,38.498761,,10313,Wilcox,59082,63101,Missouri,867-16-7533,P709052669,Not Hispanic or Latino,10686
160,P00161,Mrs.,Lisa,Jonathan,Nguyen,F,1981-07-01,43,Divorced,MO,29401,3149705244,D5096097,Jr.,St. Charles,Black,Kansas City,-90.32307,7289 Main St,37.305629,,4282,Nguyen,103911,63101,Missouri,360-46-5239,P479987821,Hispanic or Latino,2955
161,P00162,Mrs.,Matthew,Aaron,Jones,F,1966-08-11,58,Single,MO,29748,3141469608,D5594734,,Jackson,Black,Columbia,-90.407151,9334 Main St,37.580981,,9944,Jones,98282,65807,Missouri,665-23-8047,P802693101,Hispanic or Latino,14498
162,P00163,Mrs.,Nicole,Shirley,Woodward,F,1946-06-13,78,Single,MO,29971,3140470076,D3365134,Sr.,Greene,Asian,Springfield,-90.91346,2246 Main St,37.206165,,7898,Woodward,26343,65807,Missouri,579-10-8917,P617693153,Hispanic or Latino,1973
163,P00164,Mrs.,Shawn,Nichole,Thomas,F,1989-06-28,35,Widowed,MO,29910,3145456257,D7911353,III,St. Louis,White,Independence,-92.178479,8098 Main St,36.360178,,16407,Thomas,69610,63101,Missouri,588-82-8373,P421246354,Not Hispanic or Latino,11295
164,P00165,Mrs.,Thomas,Lori,Williams,F,1981-12-01,43,Widowed,MO,29379,3142464261,D1316580,,St. Louis,Other,Columbia,-94.13988,9272 Main St,38.059157,,2785,Williams,43481,65201,Missouri,764-37-9989,P877574824,Not Hispanic or Latino,12620
165,P00166,Miss,Marcus,Angela,Young,F,2021-01-31,10,Married,MO,29293,3146224607,D3316794,Jr.,Boone,White,St. Louis,-91.523997,4540 Main St,37.32503,,19406,Young,47881,64050,Missouri,957-79-7275,P495789553,Not Hispanic or Latino,7711
166,P00167,Mrs.,Jason,Cheryl,Sandoval,F,2000-08-08,24,Divorced,MO,29188,3142199100,D3757959,,St. Louis,Hispanic,Columbia,-92.244931,9165 Main St,36.191663,,5034,Sandoval,60341,64050,Missouri,477-43-6587,P672149529,Not Hispanic or Latino,9458
167,P00168,Mrs.,Jeffrey,David,Johnson,F,1974-03-31,50,Single,MO,29321,3149581192,D5311985,Sr.,Boone,White,Columbia,-94.461661,5596 Main St,37.308083,,4356,Johnson,60119,63101,Missouri,954-91-1209,P126359370,Not Hispanic or Latino,3404
168,P00169,Mrs.,Kimberly,Jacob,Nash,F,1995-03-08,29,Divorced,MO,29527,3145676480,D2884182,,St. Louis,Hispanic,Independence,-94.449409,7756 Main St,36.717576,,14395,Nash,103575,64050,Missouri,787-86-7900,P858140766,Not Hispanic or Latino,12530
169,P00170,Mrs.,Frances,Brendan,Wright,F,1973-01-19,52,Married,MO,29133,3143467710,D8240841,Jr.,Boone,Hispanic,Kansas City,-93.240884,9098 Main St,36.884568,,18012,Wright,33337,65201,Missouri,143-20-6207,P933880424,Not Hispanic or Latino,6678
170,P00171,Miss,Kimberly,Brian,Hernandez,F,2012-12-19,12,Divorced,MO,29766,3145131406,D8713581,,Boone,White,St. Louis,-93.943346,9817 Main St,38.852229,,5965,Hernandez,98134,65201,Missouri,465-36-6182,P946125794,Not Hispanic or Latino,2746
171,P00172,Mr.,Lisa,Ronald,Carlson,M,1996-03-11,28,Widowed,MO,29201,3144796392,D2853868,,St. Louis,Asian,St. Louis,-91.877927,2711 Main St,38.941697,,4360,,90896,63101,Missouri,600-27-9369,P436627800,Not Hispanic or Latino,9604
172,P00173,Mrs.,Anthony,Gregory,Bennett,F,1963-09-29,61,Divorced,MO,29050,3145467437,D4832853,,Greene,Other,Kansas City,-94.596144,1889 Main St,36.502808,,6090,Bennett,106488,64050,Missouri,859-50-8949,P124493292,Not Hispanic or Latino,2426
173,P00174,Mrs.,Crystal,Jeff,Steele,F,1981-01-31,44,Divorced,MO,29283,3140306729,D7029391,III,Greene,Hispanic,Columbia,-92.859291,3356 Main St,38.735658,,19586,Steele,89740,63101,Missouri,493-35-3803,P742176390,Not Hispanic or Latino,2812
174,P00175,Mrs.,Tiffany,Brittany,White,F,1954-04-02,70,Married,MO,29076,3146430212,D1144138,,Jackson,Black,Columbia,-93.972068,8589 Main St,38.645455,,3645,White,113517,65807,Missouri,417-69-3066,P238453995,Not Hispanic or Latino,3621
175,P00176,Mrs.,Todd,Lawrence,Long,F,1957-05-09,67,Widowed,MO,29398,3143641168,D6027156,,St. Louis,Other,Kansas City,-92.584373,3503 Main St,36.733028,,13078,Long,51255,65201,Missouri,747-83-8556,P663037425,Hispanic or Latino,13427
176,P00177,Mr.,Mario,Christina,Weaver,M,1989-08-31,35,Married,MO,29848,3148860113,D2565575,Sr.,Greene,Asian,Independence,-94.089057,5850 Main St,38.333448,,4822,,29752,64050,Missouri,619-93-4158,P514506449,Not Hispanic or Latino,6884
177,P00178,Miss,Jennifer,Cathy,Ford,F,2015-08-01,10,Single,MO,29037,3145079922,D4395969,Sr.,Boone,White,Columbia,-93.136529,2529 Main St,39.559764,,15763,Ford,41027,65201,Missouri,363-51-5222,P865027786,Hispanic or Latino,13410
178,P00179,Mr.,Kimberly,Debra,Stevens,M,2004-08-30,20,Divorced,MO,29640,3145346386,D7848006,III,Greene,White,Independence,-91.691708,5553 Main St,36.187094,,7717,,98020,65807,Missouri,456-99-5512,P881298613,Hispanic or Latino,1274
179,P00180,Master,Richard,Kenneth,Robbins,M,2016-07-07,10,Single,MO,29019,3147074287,D6660864,III,Boone,Black,St. Louis,-91.160147,6962 Main St,37.014031,,8327,,91479,64050,Missouri,412-88-3192,P797169411,Hispanic or Latino,5911
180,P00181,Mrs.,Mark,Michael,Bennett,F,1996-02-13,29,Divorced,MO,29689,3148444082,D8588421,,Jackson,Hispanic,Columbia,-94.508055,6983 Main St,37.820155,,6012,Bennett,84402,63101,Missouri,549-29-4925,P734772899,Not Hispanic or Latino,14733
181,P00182,Mr.,Monica,Anthony,Alvarez,M,1985-03-27,39,Married,MO,29657,3143263128,D9753067,III,St. Charles,Hispanic,Kansas City,-92.471962,5153 Main St,36.880957,,10724,,115845,65807,Missouri,348-41-9077,P348871061,Not Hispanic or Latino,5385
182,P00183,Mrs.,Bruce,Hannah,Randolph,F,1940-11-16,84,Married,MO,29246,3143259908,D1452723,Jr.,St. Charles,Asian,St. Louis,-91.250727,5664 Main St,39.15717,,15294,Randolph,59821,63101,Missouri,508-34-9374,P608136922,Hispanic or Latino,5149
183,P00184,Mr.,Timothy,Laura,James,M,1969-11-28,55,Widowed,MO,29311,3143913171,D2848139,III,Boone,Black,St. Louis,-92.709214,2038 Main St,37.067396,,17401,,111964,64106,Missouri,662-61-8907,P608233573,Hispanic or Latino,8209
184,P00185,Mrs.,Latoya,Cynthia,Martinez,F,1942-05-18,82,Married,MO,29431,3149246882,D5008759,Jr.,Jackson,Asian,St. Louis,-92.126872,8537 Main St,39.428965,,14543,Martinez,42863,64106,Missouri,663-28-3184,P736161716,Hispanic or Latino,6407
185,P00186,Mr.,William,Peter,Bush,M,1981-03-26,43,Married,MO,29111,3145332844,D9888939,,St. Louis,Black,St. Louis,-92.7593,5876 Main St,39.189654,,5993,,21576,65807,Missouri,311-42-4283,P951264058,Not Hispanic or Latino,11568
186,P00187,Mrs.,Judy,Ryan,Shaw,F,1979-07-19,45,Divorced,MO,29841,3148067080,D1507663,,Greene,Hispanic,Kansas City,-90.972666,6829 Main St,36.195941,,5844,Shaw,59479,64106,Missouri,364-49-4748,P200467977,Not Hispanic or Latino,3322
187,P00188,Mrs.,Edward,James,Vargas,F,2006-04-13,18,Widowed,MO,29933,3143021561,D1100317,Jr.,Jackson,Asian,Kansas City,-92.900771,556 Main St,36.069154,,16064,Vargas,28903,64106,Missouri,681-22-5717,P234401301,Not Hispanic or Latino,6280
188,P00189,Mr.,Christina,James,Hanson,M,1981-01-08,44,Divorced,MO,29232,3143129874,D3441337,III,St. Charles,Hispanic,Kansas City,-93.848334,7425 Main St,38.668388,,8585,,44242,65807,Missouri,764-86-1557,P297728873,Hispanic or Latino,7938
189,P00190,Mrs.,Johnathan,Danielle,Tran,F,2005-08-06,19,Married,MO,29450,3141215699,D5689166,Sr.,St. Charles,Black,Kansas City,-92.689021,5028 Main St,39.165948,,16994,Tran,116945,65201,Missouri,958-97-5548,P953489729,Not Hispanic or Latino,7472
190,P00191,Mrs.,Jamie,Robert,Guzman,F,1987-09-21,37,Single,MO,29539,3149720420,D3249090,,St. Charles,Asian,Kansas City,-90.477429,7871 Main St,36.728364,,7666,Guzman,62893,65807,Missouri,672-11-8563,P467588803,Not Hispanic or Latino,8196
191,P00192,Mr.,Ashley,Paula,Roy,M,1985-03-19,39,Divorced,MO,29476,3142515543,D9546889,Sr.,St. Louis,Other,Springfield,-93.569504,5225 Main St,39.670539,,13423,,91508,64106,Missouri,520-38-9464,P756250500,Hispanic or Latino,11750
192,P00193,Mrs.,David,Melissa,Hernandez,F,1981-12-22,43,Married,MO,29468,3149047536,D1999996,,Boone,Other,St. Louis,-92.321903,9698 Main St,39.562732,,10346,Hernandez,83375,64050,Missouri,453-10-6550,P654880305,Hispanic or Latino,6092
193,P00194,Mr.,Jane,Mikayla,Hunter,M,1999-10-30,25,Married,MO,29567,3148103279,D2912596,,Jackson,Black,Independence,-90.467464,2446 Main St,37.974988,,5463,,91411,65807,Missouri,415-29-8401,P473475378,Not Hispanic or Latino,14664
194,P00195,Mrs.,William,Michael,Archer,F,1985-07-18,39,Divorced,MO,29947,3146418798,D3627134,III,Greene,White,Columbia,-90.542065,2073 Main St,36.144642,,10644,Archer,85024,65201,Missouri,949-64-9099,P134901215,Hispanic or Latino,10576
195,P00196,Mrs.,Mark,Stacy,Owens,F,1961-08-11,63,Divorced,MO,29493,3149610212,D2648550,III,Greene,Hispanic,Columbia,-91.791519,7459 Main St,37.780647,,15475,Owens,51954,63101,Missouri,199-53-4873,P540101943,Hispanic or Latino,2026
196,P00197,Mr.,Travis,Kelly,Brown,M,1990-03-11,34,Single,MO,29655,3144106871,D8878095,,Greene,Asian,St. Louis,-90.584029,3895 Main St,38.276732,,5361,,64795,64106,Missouri,939-57-5172,P280487577,Not Hispanic or Latino,2814
197,P00198,Mr.,William,Mary,Lawrence,M,1995-04-16,29,Divorced,MO,29797,3149013124,D9427584,,St. Louis,Other,Kansas City,-94.219483,7004 Main St,37.490703,,6863,,58646,65807,Missouri,587-54-9442,P958490568,Not Hispanic or Latino,3056
198,P00199,Master,Colin,Jennifer,Armstrong,M,2017-04-16,10,Divorced,MO,29328,3146086574,D5455386,III,St. Charles,Black,Kansas City,-90.548366,7881 Main St,36.946957,,16861,,58743,65807,Missouri,533-47-6600,P967285036,Hispanic or Latino,4552
199,P00200,Mrs.,William,Kristin,Hall,F,1956-11-19,68,Married,MO,29144,3146755953,D1777639,,Greene,Other,Kansas City,-94.38557,9341 Main St,38.588277,,10794,Hall,65731,63101,Missouri,719-58-9520,P625430841,Not Hispanic or Latino,9866
