,Patient_ID,Medication_Name,Medication_Type,Dosage,Frequency,Start_Date,End_Date,Doctor_ID
0,p_00143,Pantoprazole,Tablet,40mg,Once daily,2023-01-12,2023-01-29,d_00044
1,p_00143,Ranitidine,Tablet,150mg,Once daily,2023-01-13,2023-01-16,d_00044
2,p_00143,Paracetamol,Tablet,500mg,Twice daily,2023-01-16,2023-01-25,d_00044
3,p_00143,Ibuprofen,Tablet,200mg,Twice daily,2023-01-14,2023-02-01,d_00044
4,p_00143,Amoxicillin,Capsule,250mg,Thrice daily,2023-01-20,2023-01-30,d_00044
5,p_00007,Enoxaparin,Injection,40mg,Once daily,2023-02-02,2023-02-19,d_00007
6,p_00007,Ibuprofen,Tablet,200mg,Twice daily,2023-02-21,2023-02-26,d_00007
7,p_00007,Ranitidine,Tablet,150mg,Once daily,2023-01-07,2023-01-13,d_00007
8,p_00007,Azithromycin,Tablet,500mg,Once daily,2023-02-13,2023-03-01,d_00007
9,p_00007,Amoxicillin,Capsule,250mg,Thrice daily,2023-01-19,2023-02-05,d_00007
10,p_00098,Pantoprazole,Tablet,40mg,Once daily,2023-01-09,2023-01-11,d_00035
11,p_00098,Azithromycin,Tablet,500mg,Once daily,2023-01-12,2023-01-21,d_00035
12,p_00061,Amoxicillin,Capsule,250mg,Thrice daily,2023-02-05,2023-02-16,d_00040
13,p_00061,Enoxaparin,Injection,40mg,Once daily,2023-02-03,2023-02-23,d_00040
14,p_00113,Azithromycin,Tablet,500mg,Once daily,2023-01-17,2023-02-06,d_00034
15,p_00113,Ranitidine,Tablet,150mg,Once daily,2023-01-24,2023-01-31,d_00034
16,p_00113,Ibuprofen,Tablet,200mg,Twice daily,2023-02-11,2023-02-15,d_00034
17,p_00113,Ceftriaxone,Injection,1g,Once daily,2023-02-07,2023-02-14,d_00034
18,p_00182,Ranitidine,Tablet,150mg,Once daily,2023-01-05,2023-01-22,d_00015
19,p_00182,Azithromycin,Tablet,500mg,Once daily,2023-01-07,2023-01-14,d_00015
20,p_00182,Amoxicillin,Capsule,250mg,Thrice daily,2023-02-11,2023-02-23,d_00015
21,p_00182,Pantoprazole,Tablet,40mg,Once daily,2023-02-03,2023-02-16,d_00015
22,p_00198,Paracetamol,Tablet,500mg,Twice daily,2023-02-01,2023-02-09,d_00012
23,p_00198,Enoxaparin,Injection,40mg,Once daily,2023-02-06,2023-02-12,d_00012
24,p_00198,Ceftriaxone,Injection,1g,Once daily,2023-01-16,2023-01-17,d_00012
25,p_00185,Paracetamol,Tablet,500mg,Twice daily,2023-01-08,2023-01-19,d_00004
26,p_00185,Enoxaparin,Injection,40mg,Once daily,2023-01-14,2023-01-18,d_00004
27,p_00185,Ibuprofen,Tablet,200mg,Twice daily,2023-01-11,2023-01-19,d_00004
28,p_00010,Paracetamol,Tablet,500mg,Twice daily,2023-02-05,2023-02-17,d_00029
29,p_00010,Ranitidine,Tablet,150mg,Once daily,2023-03-05,2023-03-08,d_00029
30,p_00010,Enoxaparin,Injection,40mg,Once daily,2023-01-25,2023-02-09,d_00029
31,p_00010,Ibuprofen,Tablet,200mg,Twice daily,2023-01-20,2023-01-21,d_00029
32,p_00105,Amoxicillin,Capsule,250mg,Thrice daily,2023-02-02,2023-02-05,d_00007
33,p_00105,Paracetamol,Tablet,500mg,Twice daily,2023-02-04,2023-02-06,d_00007
34,p_00105,Azithromycin,Tablet,500mg,Once daily,2023-01-29,2023-01-30,d_00007
35,p_00201,Amoxicillin,Capsule,250mg,Thrice daily,2023-01-15,2023-01-16,d_00028
36,p_00201,Ceftriaxone,Injection,1g,Once daily,2023-01-14,2023-01-18,d_00028
37,p_00217,Ceftriaxone,Injection,1g,Once daily,2023-01-17,2023-01-25,d_00030
38,p_00217,Pantoprazole,Tablet,40mg,Once daily,2023-01-20,2023-01-22,d_00030
39,p_00237,Azithromycin,Tablet,500mg,Once daily,2023-01-30,2023-02-09,d_00004
40,p_00237,Ranitidine,Tablet,150mg,Once daily,2023-01-13,2023-02-02,d_00004
41,p_00241,Enoxaparin,Injection,40mg,Once daily,2023-01-19,2023-01-28,d_00019
42,p_00241,Amoxicillin,Capsule,250mg,Thrice daily,2023-02-20,2023-02-21,d_00019
43,p_00068,Enoxaparin,Injection,40mg,Once daily,2023-01-16,2023-01-17,d_00011
44,p_00068,Ranitidine,Tablet,150mg,Once daily,2023-02-17,2023-02-27,d_00011
45,p_00068,Paracetamol,Tablet,500mg,Twice daily,2023-01-29,2023-02-13,d_00011
46,p_00068,Ceftriaxone,Injection,1g,Once daily,2023-02-24,2023-02-26,d_00011
47,p_00225,Enoxaparin,Injection,40mg,Once daily,2023-01-20,2023-01-25,d_00031
48,p_00225,Azithromycin,Tablet,500mg,Once daily,2023-01-16,2023-01-24,d_00031
49,p_00195,Azithromycin,Tablet,500mg,Once daily,2023-01-15,2023-01-25,d_00005
50,p_00195,Pantoprazole,Tablet,40mg,Once daily,2023-01-16,2023-01-24,d_00005
51,p_00016,Ceftriaxone,Injection,1g,Once daily,2023-01-04,2023-01-15,d_00015
52,p_00016,Ranitidine,Tablet,150mg,Once daily,2023-01-05,2023-01-20,d_00015
53,p_00016,Ibuprofen,Tablet,200mg,Twice daily,2023-01-14,2023-01-18,d_00015
54,p_00016,Paracetamol,Tablet,500mg,Twice daily,2023-01-11,2023-01-12,d_00015
55,p_00178,Azithromycin,Tablet,500mg,Once daily,2023-01-16,2023-01-23,d_00017
56,p_00178,Ibuprofen,Tablet,200mg,Twice daily,2023-01-16,2023-01-20,d_00017
57,p_00025,Ceftriaxone,Injection,1g,Once daily,2023-01-09,2023-01-22,d_00030
58,p_00025,Azithromycin,Tablet,500mg,Once daily,2023-01-12,2023-01-22,d_00030
59,p_00248,Amoxicillin,Capsule,250mg,Thrice daily,2023-01-18,2023-01-26,d_00049
60,p_00248,Ceftriaxone,Injection,1g,Once daily,2023-01-15,2023-01-17,d_00049
61,p_00248,Ibuprofen,Tablet,200mg,Twice daily,2023-01-13,2023-01-25,d_00049
62,p_00248,Ranitidine,Tablet,150mg,Once daily,2023-01-16,2023-01-26,d_00049
63,p_00020,Pantoprazole,Tablet,40mg,Once daily,2023-01-12,2023-01-17,d_00022
64,p_00020,Amoxicillin,Capsule,250mg,Thrice daily,2023-01-17,2023-01-24,d_00022
65,p_00020,Paracetamol,Tablet,500mg,Twice daily,2023-01-13,2023-01-20,d_00022
66,p_00020,Ceftriaxone,Injection,1g,Once daily,2023-01-12,2023-01-14,d_00022
67,p_00115,Amoxicillin,Capsule,250mg,Thrice daily,2023-01-12,2023-01-21,d_00031
68,p_00115,Pantoprazole,Tablet,40mg,Once daily,2023-01-14,2023-01-23,d_00031
69,p_00115,Enoxaparin,Injection,40mg,Once daily,2023-01-18,2023-01-21,d_00031
70,p_00069,Enoxaparin,Injection,40mg,Once daily,2023-01-17,2023-01-29,d_00029
71,p_00069,Paracetamol,Tablet,500mg,Twice daily,2023-01-04,2023-01-05,d_00029
72,p_00177,Ranitidine,Tablet,150mg,Once daily,2023-01-22,2023-02-04,d_00025
73,p_00177,Pantoprazole,Tablet,40mg,Once daily,2023-02-05,2023-02-08,d_00025
74,p_00177,Paracetamol,Tablet,500mg,Twice daily,2023-01-28,2023-02-07,d_00025
75,p_00177,Enoxaparin,Injection,40mg,Once daily,2023-01-20,2023-02-04,d_00025
76,p_00046,Azithromycin,Tablet,500mg,Once daily,2023-01-29,2023-02-06,d_00037
77,p_00046,Amoxicillin,Capsule,250mg,Thrice daily,2023-02-18,2023-02-22,d_00037
78,p_00046,Pantoprazole,Tablet,40mg,Once daily,2023-02-01,2023-02-15,d_00037
79,p_00056,Ranitidine,Tablet,150mg,Once daily,2023-01-16,2023-01-27,d_00014
80,p_00056,Ceftriaxone,Injection,1g,Once daily,2023-02-05,2023-02-10,d_00014
81,p_00056,Paracetamol,Tablet,500mg,Twice daily,2023-01-17,2023-02-01,d_00014
82,p_00056,Amoxicillin,Capsule,250mg,Thrice daily,2023-02-07,2023-02-09,d_00014
83,p_00011,Azithromycin,Tablet,500mg,Once daily,2023-01-18,2023-01-27,d_00015
84,p_00011,Amoxicillin,Capsule,250mg,Thrice daily,2023-01-19,2023-01-21,d_00015
85,p_00011,Ibuprofen,Tablet,200mg,Twice daily,2023-01-26,2023-01-29,d_00015
86,p_00031,Enoxaparin,Injection,40mg,Once daily,2023-01-06,2023-01-23,d_00004
87,p_00031,Azithromycin,Tablet,500mg,Once daily,2023-01-09,2023-01-22,d_00004
88,p_00121,Amoxicillin,Capsule,250mg,Thrice daily,2023-01-14,2023-01-20,d_00018
89,p_00121,Ranitidine,Tablet,150mg,Once daily,2023-01-13,2023-01-20,d_00018
90,p_00121,Enoxaparin,Injection,40mg,Once daily,2023-01-15,2023-01-20,d_00018
91,p_00202,Enoxaparin,Injection,40mg,Once daily,2023-02-20,2023-03-03,d_00043
92,p_00202,Ibuprofen,Tablet,200mg,Twice daily,2023-02-06,2023-02-21,d_00043
93,p_00202,Pantoprazole,Tablet,40mg,Once daily,2023-03-02,2023-03-06,d_00043
94,p_00034,Ibuprofen,Tablet,200mg,Twice daily,2023-01-17,2023-01-21,d_00050
95,p_00034,Amoxicillin,Capsule,250mg,Thrice daily,2023-02-08,2023-02-14,d_00050
96,p_00034,Paracetamol,Tablet,500mg,Twice daily,2023-02-01,2023-02-09,d_00050
97,p_00142,Ranitidine,Tablet,150mg,Once daily,2023-01-13,2023-01-19,d_00021
98,p_00142,Paracetamol,Tablet,500mg,Twice daily,2023-02-11,2023-02-13,d_00021
99,p_00220,Enoxaparin,Injection,40mg,Once daily,2023-01-22,2023-02-08,d_00015
100,p_00220,Paracetamol,Tablet,500mg,Twice daily,2023-02-15,2023-02-16,d_00015
101,p_00220,Ranitidine,Tablet,150mg,Once daily,2023-01-30,2023-02-06,d_00015
102,p_00220,Pantoprazole,Tablet,40mg,Once daily,2023-01-25,2023-02-02,d_00015
103,p_00220,Azithromycin,Tablet,500mg,Once daily,2023-01-13,2023-01-23,d_00015
104,p_00026,Enoxaparin,Injection,40mg,Once daily,2023-02-13,2023-02-24,d_00005
105,p_00026,Paracetamol,Tablet,500mg,Twice daily,2023-01-19,2023-01-29,d_00005
106,p_00026,Amoxicillin,Capsule,250mg,Thrice daily,2023-01-20,2023-01-26,d_00005
107,p_00112,Ibuprofen,Tablet,200mg,Twice daily,2023-01-12,2023-01-13,d_00007
108,p_00112,Azithromycin,Tablet,500mg,Once daily,2023-01-13,2023-01-18,d_00007
109,p_00019,Enoxaparin,Injection,40mg,Once daily,2023-01-16,2023-01-18,d_00038
110,p_00019,Ranitidine,Tablet,150mg,Once daily,2023-02-15,2023-02-25,d_00038
111,p_00019,Ibuprofen,Tablet,200mg,Twice daily,2023-01-26,2023-02-03,d_00038
112,p_00019,Paracetamol,Tablet,500mg,Twice daily,2023-01-21,2023-01-24,d_00038
113,p_00197,Azithromycin,Tablet,500mg,Once daily,2023-02-02,2023-02-05,d_00041
114,p_00197,Pantoprazole,Tablet,40mg,Once daily,2023-01-17,2023-02-05,d_00041
115,p_00181,Amoxicillin,Capsule,250mg,Thrice daily,2023-01-16,2023-01-17,d_00021
116,p_00181,Paracetamol,Tablet,500mg,Twice daily,2023-01-15,2023-01-21,d_00021
117,p_00181,Pantoprazole,Tablet,40mg,Once daily,2023-01-20,2023-01-24,d_00021
118,p_00160,Pantoprazole,Tablet,40mg,Once daily,2023-01-27,2023-02-09,d_00042
119,p_00160,Ceftriaxone,Injection,1g,Once daily,2023-01-10,2023-01-16,d_00042
120,p_00119,Pantoprazole,Tablet,40mg,Once daily,2023-02-06,2023-02-08,d_00024
121,p_00119,Ibuprofen,Tablet,200mg,Twice daily,2023-01-19,2023-02-03,d_00024
122,p_00097,Enoxaparin,Injection,40mg,Once daily,2023-01-14,2023-01-26,d_00019
123,p_00097,Azithromycin,Tablet,500mg,Once daily,2023-02-13,2023-02-28,d_00019
124,p_00109,Paracetamol,Tablet,500mg,Twice daily,2023-02-16,2023-02-18,d_00042
125,p_00109,Amoxicillin,Capsule,250mg,Thrice daily,2023-01-04,2023-01-09,d_00042
126,p_00109,Ibuprofen,Tablet,200mg,Twice daily,2023-01-17,2023-01-19,d_00042
127,p_00109,Ceftriaxone,Injection,1g,Once daily,2023-02-08,2023-02-17,d_00042
128,p_00186,Azithromycin,Tablet,500mg,Once daily,2023-01-26,2023-02-03,d_00031
129,p_00186,Pantoprazole,Tablet,40mg,Once daily,2023-01-14,2023-01-22,d_00031
130,p_00186,Ibuprofen,Tablet,200mg,Twice daily,2023-01-29,2023-01-31,d_00031
131,p_00223,Ibuprofen,Tablet,200mg,Twice daily,2023-01-19,2023-01-25,d_00032
132,p_00223,Pantoprazole,Tablet,40mg,Once daily,2023-01-20,2023-01-21,d_00032
133,p_00223,Ranitidine,Tablet,150mg,Once daily,2023-01-15,2023-01-19,d_00032
134,p_00223,Amoxicillin,Capsule,250mg,Thrice daily,2023-01-17,2023-01-23,d_00032
135,p_00223,Paracetamol,Tablet,500mg,Twice daily,2023-01-17,2023-01-25,d_00032
136,p_00017,Pantoprazole,Tablet,40mg,Once daily,2023-01-24,2023-02-07,d_00002
137,p_00017,Ceftriaxone,Injection,1g,Once daily,2023-02-08,2023-02-14,d_00002
138,p_00017,Ibuprofen,Tablet,200mg,Twice daily,2023-01-15,2023-01-31,d_00002
139,p_00147,Paracetamol,Tablet,500mg,Twice daily,2023-01-22,2023-01-25,d_00013
140,p_00147,Pantoprazole,Tablet,40mg,Once daily,2023-01-13,2023-01-24,d_00013
141,p_00147,Amoxicillin,Capsule,250mg,Thrice daily,2023-01-07,2023-01-23,d_00013
142,p_00147,Ibuprofen,Tablet,200mg,Twice daily,2023-01-21,2023-01-25,d_00013
143,p_00070,Azithromycin,Tablet,500mg,Once daily,2023-02-15,2023-02-19,d_00038
144,p_00070,Enoxaparin,Injection,40mg,Once daily,2023-01-18,2023-01-24,d_00038
145,p_00070,Ibuprofen,Tablet,200mg,Twice daily,2023-02-01,2023-02-02,d_00038
146,p_00070,Paracetamol,Tablet,500mg,Twice daily,2023-01-12,2023-01-29,d_00038
147,p_00174,Azithromycin,Tablet,500mg,Once daily,2023-02-12,2023-02-15,d_00033
148,p_00174,Ibuprofen,Tablet,200mg,Twice daily,2023-01-15,2023-01-26,d_00033
149,p_00174,Enoxaparin,Injection,40mg,Once daily,2023-01-31,2023-02-06,d_00033
150,p_00174,Pantoprazole,Tablet,40mg,Once daily,2023-01-19,2023-01-28,d_00033
151,p_00174,Ceftriaxone,Injection,1g,Once daily,2023-02-09,2023-02-12,d_00033
152,p_00039,Amoxicillin,Capsule,250mg,Thrice daily,2023-01-28,2023-01-30,d_00030
153,p_00039,Ceftriaxone,Injection,1g,Once daily,2023-01-23,2023-01-28,d_00030
154,p_00039,Pantoprazole,Tablet,40mg,Once daily,2023-01-26,2023-01-31,d_00030
155,p_00133,Ceftriaxone,Injection,1g,Once daily,2023-01-07,2023-01-14,d_00040
156,p_00133,Ibuprofen,Tablet,200mg,Twice daily,2023-01-12,2023-01-15,d_00040
157,p_00133,Enoxaparin,Injection,40mg,Once daily,2023-01-08,2023-01-14,d_00040
158,p_00133,Pantoprazole,Tablet,40mg,Once daily,2023-01-08,2023-01-17,d_00040
159,p_00226,Pantoprazole,Tablet,40mg,Once daily,2023-02-14,2023-02-18,d_00028
160,p_00226,Ceftriaxone,Injection,1g,Once daily,2023-02-13,2023-02-19,d_00028
161,p_00226,Ranitidine,Tablet,150mg,Once daily,2023-01-31,2023-02-05,d_00028
162,p_00239,Enoxaparin,Injection,40mg,Once daily,2023-02-16,2023-02-22,d_00043
163,p_00239,Pantoprazole,Tablet,40mg,Once daily,2023-02-09,2023-02-17,d_00043
164,p_00239,Amoxicillin,Capsule,250mg,Thrice daily,2023-01-25,2023-02-10,d_00043
165,p_00239,Ranitidine,Tablet,150mg,Once daily,2023-02-20,2023-02-24,d_00043
166,p_00239,Azithromycin,Tablet,500mg,Once daily,2023-01-17,2023-01-30,d_00043
167,p_00120,Enoxaparin,Injection,40mg,Once daily,2023-02-08,2023-02-26,d_00019
168,p_00120,Pantoprazole,Tablet,40mg,Once daily,2023-02-03,2023-02-06,d_00019
169,p_00120,Amoxicillin,Capsule,250mg,Thrice daily,2023-02-17,2023-02-22,d_00019
170,p_00120,Paracetamol,Tablet,500mg,Twice daily,2023-01-29,2023-02-15,d_00019
171,p_00137,Pantoprazole,Tablet,40mg,Once daily,2023-01-29,2023-02-07,d_00014
172,p_00137,Ranitidine,Tablet,150mg,Once daily,2023-02-22,2023-03-05,d_00014
173,p_00137,Ceftriaxone,Injection,1g,Once daily,2023-01-06,2023-01-13,d_00014
174,p_00137,Paracetamol,Tablet,500mg,Twice daily,2023-02-15,2023-02-21,d_00014
175,p_00067,Ceftriaxone,Injection,1g,Once daily,2023-02-13,2023-02-16,d_00028
176,p_00067,Azithromycin,Tablet,500mg,Once daily,2023-01-20,2023-02-03,d_00028
177,p_00067,Enoxaparin,Injection,40mg,Once daily,2023-01-11,2023-01-15,d_00028
178,p_00218,Ranitidine,Tablet,150mg,Once daily,2023-02-18,2023-03-05,d_00025
179,p_00218,Ceftriaxone,Injection,1g,Once daily,2023-01-20,2023-01-26,d_00025
180,p_00218,Pantoprazole,Tablet,40mg,Once daily,2023-02-23,2023-02-24,d_00025
181,p_00155,Pantoprazole,Tablet,40mg,Once daily,2023-01-13,2023-01-22,d_00040
182,p_00155,Ceftriaxone,Injection,1g,Once daily,2023-01-26,2023-02-02,d_00040
183,p_00155,Azithromycin,Tablet,500mg,Once daily,2023-02-05,2023-02-12,d_00040
184,p_00155,Amoxicillin,Capsule,250mg,Thrice daily,2023-01-29,2023-02-03,d_00040
185,p_00155,Ibuprofen,Tablet,200mg,Twice daily,2023-01-28,2023-02-13,d_00040
186,p_00169,Amoxicillin,Capsule,250mg,Thrice daily,2023-01-19,2023-02-02,d_00016
187,p_00169,Paracetamol,Tablet,500mg,Twice daily,2023-01-19,2023-01-22,d_00016
188,p_00169,Enoxaparin,Injection,40mg,Once daily,2023-01-22,2023-01-30,d_00016
189,p_00169,Ibuprofen,Tablet,200mg,Twice daily,2023-01-16,2023-02-02,d_00016
190,p_00169,Azithromycin,Tablet,500mg,Once daily,2023-01-24,2023-01-30,d_00016
191,p_00230,Pantoprazole,Tablet,40mg,Once daily,2023-01-16,2023-02-01,d_00048
192,p_00230,Azithromycin,Tablet,500mg,Once daily,2023-01-18,2023-01-30,d_00048
193,p_00230,Paracetamol,Tablet,500mg,Twice daily,2023-01-20,2023-02-05,d_00048
194,p_00234,Paracetamol,Tablet,500mg,Twice daily,2023-01-07,2023-01-10,d_00037
195,p_00234,Amoxicillin,Capsule,250mg,Thrice daily,2023-01-13,2023-01-21,d_00037
196,p_00234,Ranitidine,Tablet,150mg,Once daily,2023-01-12,2023-01-18,d_00037
197,p_00234,Ceftriaxone,Injection,1g,Once daily,2023-01-09,2023-01-14,d_00037
198,p_00234,Ibuprofen,Tablet,200mg,Twice daily,2023-01-05,2023-01-15,d_00037
199,p_00157,Paracetamol,Tablet,500mg,Twice daily,2023-02-06,2023-02-14,d_00039
200,p_00157,Ibuprofen,Tablet,200mg,Twice daily,2023-01-26,2023-01-28,d_00039
201,p_00157,Ranitidine,Tablet,150mg,Once daily,2023-02-04,2023-02-18,d_00039
202,p_00118,Pantoprazole,Tablet,40mg,Once daily,2023-01-29,2023-02-10,d_00014
203,p_00118,Ranitidine,Tablet,150mg,Once daily,2023-01-23,2023-02-07,d_00014
204,p_00118,Azithromycin,Tablet,500mg,Once daily,2023-02-03,2023-02-05,d_00014
205,p_00118,Paracetamol,Tablet,500mg,Twice daily,2023-01-26,2023-02-09,d_00014
206,p_00085,Ceftriaxone,Injection,1g,Once daily,2023-01-13,2023-01-17,d_00036
207,p_00085,Amoxicillin,Capsule,250mg,Thrice daily,2023-01-15,2023-01-22,d_00036
208,p_00126,Ceftriaxone,Injection,1g,Once daily,2023-01-09,2023-01-16,d_00038
209,p_00126,Pantoprazole,Tablet,40mg,Once daily,2023-01-17,2023-01-24,d_00038
210,p_00126,Amoxicillin,Capsule,250mg,Thrice daily,2023-01-05,2023-01-16,d_00038
211,p_00126,Enoxaparin,Injection,40mg,Once daily,2023-01-03,2023-01-20,d_00038
212,p_00126,Ibuprofen,Tablet,200mg,Twice daily,2023-01-02,2023-01-10,d_00038
213,p_00168,Paracetamol,Tablet,500mg,Twice daily,2023-01-17,2023-01-30,d_00008
214,p_00168,Ibuprofen,Tablet,200mg,Twice daily,2023-02-17,2023-03-02,d_00008
215,p_00168,Pantoprazole,Tablet,40mg,Once daily,2023-01-08,2023-01-15,d_00008
216,p_00246,Amoxicillin,Capsule,250mg,Thrice daily,2023-01-03,2023-01-22,d_00026
217,p_00246,Ranitidine,Tablet,150mg,Once daily,2023-01-15,2023-01-17,d_00026
218,p_00246,Paracetamol,Tablet,500mg,Twice daily,2023-01-15,2023-01-20,d_00026
219,p_00246,Azithromycin,Tablet,500mg,Once daily,2023-01-13,2023-01-18,d_00026
220,p_00246,Ceftriaxone,Injection,1g,Once daily,2023-01-07,2023-01-20,d_00026
221,p_00110,Enoxaparin,Injection,40mg,Once daily,2023-01-23,2023-02-03,d_00005
222,p_00110,Paracetamol,Tablet,500mg,Twice daily,2023-01-04,2023-01-05,d_00005
223,p_00110,Ceftriaxone,Injection,1g,Once daily,2023-01-21,2023-02-07,d_00005
224,p_00173,Ceftriaxone,Injection,1g,Once daily,2023-01-20,2023-01-24,d_00046
225,p_00173,Pantoprazole,Tablet,40mg,Once daily,2023-01-15,2023-01-25,d_00046
226,p_00173,Paracetamol,Tablet,500mg,Twice daily,2023-01-20,2023-01-25,d_00046
227,p_00235,Amoxicillin,Capsule,250mg,Thrice daily,2023-01-14,2023-01-17,d_00002
228,p_00235,Ceftriaxone,Injection,1g,Once daily,2023-01-15,2023-01-19,d_00002
229,p_00235,Ranitidine,Tablet,150mg,Once daily,2023-01-13,2023-01-15,d_00002
230,p_00235,Ibuprofen,Tablet,200mg,Twice daily,2023-01-14,2023-01-18,d_00002
231,p_00235,Paracetamol,Tablet,500mg,Twice daily,2023-01-14,2023-01-15,d_00002
232,p_00074,Azithromycin,Tablet,500mg,Once daily,2023-02-15,2023-02-24,d_00043
233,p_00074,Ibuprofen,Tablet,200mg,Twice daily,2023-01-12,2023-01-25,d_00043
234,p_00074,Ceftriaxone,Injection,1g,Once daily,2023-02-06,2023-02-09,d_00043
235,p_00074,Enoxaparin,Injection,40mg,Once daily,2023-01-11,2023-01-13,d_00043
236,p_00074,Pantoprazole,Tablet,40mg,Once daily,2023-02-05,2023-02-13,d_00043
237,p_00159,Pantoprazole,Tablet,40mg,Once daily,2023-01-05,2023-01-08,d_00028
238,p_00159,Paracetamol,Tablet,500mg,Twice daily,2023-02-28,2023-03-11,d_00028
239,p_00159,Amoxicillin,Capsule,250mg,Thrice daily,2023-02-12,2023-02-22,d_00028
240,p_00159,Enoxaparin,Injection,40mg,Once daily,2023-02-12,2023-03-04,d_00028
241,p_00116,Amoxicillin,Capsule,250mg,Thrice daily,2023-01-10,2023-01-15,d_00001
242,p_00116,Ibuprofen,Tablet,200mg,Twice daily,2023-01-10,2023-01-13,d_00001
243,p_00116,Ranitidine,Tablet,150mg,Once daily,2023-01-09,2023-01-13,d_00001
244,p_00116,Paracetamol,Tablet,500mg,Twice daily,2023-01-10,2023-01-12,d_00001
245,p_00076,Paracetamol,Tablet,500mg,Twice daily,2023-01-08,2023-01-28,d_00001
246,p_00076,Ibuprofen,Tablet,200mg,Twice daily,2023-01-20,2023-01-27,d_00001
247,p_00076,Ranitidine,Tablet,150mg,Once daily,2023-01-15,2023-01-25,d_00001
248,p_00076,Azithromycin,Tablet,500mg,Once daily,2023-01-17,2023-01-28,d_00001
249,p_00238,Ceftriaxone,Injection,1g,Once daily,2023-01-10,2023-01-24,d_00018
250,p_00238,Paracetamol,Tablet,500mg,Twice daily,2023-01-14,2023-01-24,d_00018
251,p_00083,Pantoprazole,Tablet,40mg,Once daily,2023-02-01,2023-02-07,d_00016
252,p_00083,Ceftriaxone,Injection,1g,Once daily,2023-01-28,2023-02-09,d_00016
253,p_00083,Amoxicillin,Capsule,250mg,Thrice daily,2023-02-11,2023-02-16,d_00016
254,p_00083,Ranitidine,Tablet,150mg,Once daily,2023-01-04,2023-01-05,d_00016
255,p_00083,Ibuprofen,Tablet,200mg,Twice daily,2023-01-11,2023-01-27,d_00016
256,p_00030,Pantoprazole,Tablet,40mg,Once daily,2023-01-15,2023-01-24,d_00009
257,p_00030,Amoxicillin,Capsule,250mg,Thrice daily,2023-01-17,2023-01-30,d_00009
258,p_00030,Ceftriaxone,Injection,1g,Once daily,2023-01-19,2023-02-01,d_00009
259,p_00030,Azithromycin,Tablet,500mg,Once daily,2023-01-29,2023-01-30,d_00009
260,p_00127,Ceftriaxone,Injection,1g,Once daily,2023-01-12,2023-01-17,d_00032
261,p_00127,Enoxaparin,Injection,40mg,Once daily,2023-01-18,2023-01-19,d_00032
262,p_00080,Pantoprazole,Tablet,40mg,Once daily,2023-01-20,2023-01-23,d_00042
263,p_00080,Amoxicillin,Capsule,250mg,Thrice daily,2023-01-14,2023-01-22,d_00042
264,p_00080,Enoxaparin,Injection,40mg,Once daily,2023-01-15,2023-01-26,d_00042
265,p_00080,Ibuprofen,Tablet,200mg,Twice daily,2023-01-15,2023-01-21,d_00042
266,p_00087,Ranitidine,Tablet,150mg,Once daily,2023-01-08,2023-01-13,d_00016
267,p_00087,Azithromycin,Tablet,500mg,Once daily,2023-01-09,2023-01-13,d_00016
268,p_00087,Ceftriaxone,Injection,1g,Once daily,2023-01-05,2023-01-15,d_00016
269,p_00087,Paracetamol,Tablet,500mg,Twice daily,2023-01-06,2023-01-07,d_00016
270,p_00006,Ibuprofen,Tablet,200mg,Twice daily,2023-01-11,2023-01-18,d_00017
271,p_00006,Ranitidine,Tablet,150mg,Once daily,2023-01-13,2023-02-01,d_00017
272,p_00006,Amoxicillin,Capsule,250mg,Thrice daily,2023-02-04,2023-02-05,d_00017
273,p_00006,Azithromycin,Tablet,500mg,Once daily,2023-01-26,2023-02-02,d_00017
274,p_00057,Paracetamol,Tablet,500mg,Twice daily,2023-02-16,2023-02-18,d_00030
275,p_00057,Pantoprazole,Tablet,40mg,Once daily,2023-01-19,2023-01-26,d_00030
276,p_00187,Azithromycin,Tablet,500mg,Once daily,2023-01-23,2023-01-29,d_00045
277,p_00187,Amoxicillin,Capsule,250mg,Thrice daily,2023-01-24,2023-01-30,d_00045
278,p_00187,Ceftriaxone,Injection,1g,Once daily,2023-01-21,2023-01-25,d_00045
279,p_00187,Enoxaparin,Injection,40mg,Once daily,2023-01-25,2023-01-30,d_00045
280,p_00187,Paracetamol,Tablet,500mg,Twice daily,2023-01-23,2023-01-24,d_00045
281,p_00232,Enoxaparin,Injection,40mg,Once daily,2023-01-22,2023-02-07,d_00023
282,p_00232,Pantoprazole,Tablet,40mg,Once daily,2023-01-09,2023-01-27,d_00023
283,p_00171,Enoxaparin,Injection,40mg,Once daily,2023-01-24,2023-02-12,d_00008
284,p_00171,Paracetamol,Tablet,500mg,Twice daily,2023-02-12,2023-02-25,d_00008
285,p_00171,Ibuprofen,Tablet,200mg,Twice daily,2023-02-13,2023-02-20,d_00008
286,p_00171,Azithromycin,Tablet,500mg,Once daily,2023-02-19,2023-02-24,d_00008
287,p_00066,Ceftriaxone,Injection,1g,Once daily,2023-02-02,2023-02-11,d_00004
288,p_00066,Amoxicillin,Capsule,250mg,Thrice daily,2023-02-12,2023-02-14,d_00004
289,p_00066,Ranitidine,Tablet,150mg,Once daily,2023-01-16,2023-01-24,d_00004
290,p_00066,Paracetamol,Tablet,500mg,Twice daily,2023-01-19,2023-01-30,d_00004
291,p_00066,Enoxaparin,Injection,40mg,Once daily,2023-02-12,2023-02-25,d_00004
292,p_00141,Azithromycin,Tablet,500mg,Once daily,2023-02-20,2023-02-23,d_00014
293,p_00141,Ibuprofen,Tablet,200mg,Twice daily,2023-02-10,2023-02-18,d_00014
294,p_00141,Paracetamol,Tablet,500mg,Twice daily,2023-01-19,2023-01-28,d_00014
295,p_00125,Amoxicillin,Capsule,250mg,Thrice daily,2023-01-17,2023-01-22,d_00049
296,p_00125,Azithromycin,Tablet,500mg,Once daily,2023-01-13,2023-01-15,d_00049
297,p_00125,Paracetamol,Tablet,500mg,Twice daily,2023-01-16,2023-01-18,d_00049
298,p_00214,Ranitidine,Tablet,150mg,Once daily,2023-02-20,2023-02-24,d_00045
299,p_00214,Enoxaparin,Injection,40mg,Once daily,2023-02-03,2023-02-11,d_00045
300,p_00214,Azithromycin,Tablet,500mg,Once daily,2023-01-20,2023-01-21,d_00045
301,p_00149,Pantoprazole,Tablet,40mg,Once daily,2023-01-25,2023-02-01,d_00001
302,p_00149,Enoxaparin,Injection,40mg,Once daily,2023-02-04,2023-02-21,d_00001
303,p_00149,Amoxicillin,Capsule,250mg,Thrice daily,2023-01-17,2023-02-03,d_00001
304,p_00149,Ceftriaxone,Injection,1g,Once daily,2023-01-23,2023-02-08,d_00001
305,p_00149,Azithromycin,Tablet,500mg,Once daily,2023-02-08,2023-02-22,d_00001
306,p_00032,Azithromycin,Tablet,500mg,Once daily,2023-02-01,2023-02-03,d_00016
307,p_00032,Enoxaparin,Injection,40mg,Once daily,2023-01-27,2023-02-05,d_00016
308,p_00032,Ceftriaxone,Injection,1g,Once daily,2023-01-28,2023-02-04,d_00016
309,p_00032,Paracetamol,Tablet,500mg,Twice daily,2023-02-07,2023-02-12,d_00016
310,p_00032,Ibuprofen,Tablet,200mg,Twice daily,2023-01-13,2023-01-28,d_00016
311,p_00013,Enoxaparin,Injection,40mg,Once daily,2023-01-31,2023-02-02,d_00036
312,p_00013,Ibuprofen,Tablet,200mg,Twice daily,2023-01-31,2023-02-03,d_00036
313,p_00013,Azithromycin,Tablet,500mg,Once daily,2023-01-09,2023-01-16,d_00036
314,p_00013,Ceftriaxone,Injection,1g,Once daily,2023-01-21,2023-01-24,d_00036
315,p_00013,Pantoprazole,Tablet,40mg,Once daily,2023-01-13,2023-01-30,d_00036
316,p_00036,Enoxaparin,Injection,40mg,Once daily,2023-01-16,2023-01-27,d_00039
317,p_00036,Ibuprofen,Tablet,200mg,Twice daily,2023-01-17,2023-01-28,d_00039
318,p_00036,Pantoprazole,Tablet,40mg,Once daily,2023-01-22,2023-01-27,d_00039
319,p_00029,Amoxicillin,Capsule,250mg,Thrice daily,2023-02-01,2023-02-02,d_00047
320,p_00029,Ibuprofen,Tablet,200mg,Twice daily,2023-02-03,2023-02-04,d_00047
321,p_00029,Azithromycin,Tablet,500mg,Once daily,2023-02-04,2023-02-12,d_00047
322,p_00029,Paracetamol,Tablet,500mg,Twice daily,2023-01-08,2023-01-16,d_00047
323,p_00043,Paracetamol,Tablet,500mg,Twice daily,2023-02-02,2023-02-19,d_00040
324,p_00043,Pantoprazole,Tablet,40mg,Once daily,2023-02-09,2023-02-10,d_00040
325,p_00219,Ranitidine,Tablet,150mg,Once daily,2023-01-20,2023-02-02,d_00014
326,p_00219,Ceftriaxone,Injection,1g,Once daily,2023-02-04,2023-02-10,d_00014
327,p_00219,Pantoprazole,Tablet,40mg,Once daily,2023-01-15,2023-01-27,d_00014
328,p_00219,Ibuprofen,Tablet,200mg,Twice daily,2023-01-07,2023-01-18,d_00014
329,p_00023,Pantoprazole,Tablet,40mg,Once daily,2023-01-08,2023-01-10,d_00033
330,p_00023,Enoxaparin,Injection,40mg,Once daily,2023-01-10,2023-01-17,d_00033
331,p_00094,Ranitidine,Tablet,150mg,Once daily,2023-02-15,2023-02-19,d_00009
332,p_00094,Enoxaparin,Injection,40mg,Once daily,2023-01-26,2023-02-08,d_00009
333,p_00213,Paracetamol,Tablet,500mg,Twice daily,2023-01-11,2023-01-14,d_00027
334,p_00213,Pantoprazole,Tablet,40mg,Once daily,2023-01-10,2023-01-15,d_00027
335,p_00213,Amoxicillin,Capsule,250mg,Thrice daily,2023-01-10,2023-01-16,d_00027
336,p_00102,Ranitidine,Tablet,150mg,Once daily,2023-01-16,2023-01-24,d_00004
337,p_00102,Ibuprofen,Tablet,200mg,Twice daily,2023-01-08,2023-01-13,d_00004
338,p_00052,Paracetamol,Tablet,500mg,Twice daily,2023-02-05,2023-02-14,d_00050
339,p_00052,Ibuprofen,Tablet,200mg,Twice daily,2023-02-03,2023-02-14,d_00050
340,p_00052,Ranitidine,Tablet,150mg,Once daily,2023-01-30,2023-02-10,d_00050
341,p_00052,Azithromycin,Tablet,500mg,Once daily,2023-01-30,2023-02-08,d_00050
342,p_00052,Amoxicillin,Capsule,250mg,Thrice daily,2023-02-14,2023-02-20,d_00050
343,p_00096,Enoxaparin,Injection,40mg,Once daily,2023-01-14,2023-01-17,d_00014
344,p_00096,Paracetamol,Tablet,500mg,Twice daily,2023-01-14,2023-01-18,d_00014
345,p_00096,Ceftriaxone,Injection,1g,Once daily,2023-01-14,2023-01-15,d_00014
346,p_00096,Ibuprofen,Tablet,200mg,Twice daily,2023-01-14,2023-01-16,d_00014
347,p_00144,Enoxaparin,Injection,40mg,Once daily,2023-01-10,2023-01-18,d_00001
348,p_00144,Ceftriaxone,Injection,1g,Once daily,2023-01-11,2023-01-17,d_00001
349,p_00144,Pantoprazole,Tablet,40mg,Once daily,2023-01-11,2023-01-14,d_00001
350,p_00200,Ranitidine,Tablet,150mg,Once daily,2023-01-12,2023-01-13,d_00011
351,p_00200,Azithromycin,Tablet,500mg,Once daily,2023-01-24,2023-01-27,d_00011
352,p_00200,Enoxaparin,Injection,40mg,Once daily,2023-01-18,2023-01-30,d_00011
353,p_00077,Ranitidine,Tablet,150mg,Once daily,2023-02-27,2023-03-10,d_00001
354,p_00077,Enoxaparin,Injection,40mg,Once daily,2023-03-04,2023-03-12,d_00001
355,p_00042,Paracetamol,Tablet,500mg,Twice daily,2023-01-12,2023-01-23,d_00019
356,p_00042,Ibuprofen,Tablet,200mg,Twice daily,2023-01-12,2023-01-22,d_00019
357,p_00042,Azithromycin,Tablet,500mg,Once daily,2023-01-05,2023-01-09,d_00019
358,p_00042,Pantoprazole,Tablet,40mg,Once daily,2023-01-11,2023-01-14,d_00019
359,p_00114,Ceftriaxone,Injection,1g,Once daily,2023-02-02,2023-02-20,d_00044
360,p_00114,Paracetamol,Tablet,500mg,Twice daily,2023-01-25,2023-02-01,d_00044
361,p_00153,Pantoprazole,Tablet,40mg,Once daily,2023-01-16,2023-01-20,d_00031
362,p_00153,Amoxicillin,Capsule,250mg,Thrice daily,2023-01-13,2023-01-14,d_00031
363,p_00153,Ibuprofen,Tablet,200mg,Twice daily,2023-01-13,2023-01-20,d_00031
364,p_00079,Ranitidine,Tablet,150mg,Once daily,2023-02-23,2023-03-03,d_00043
365,p_00079,Amoxicillin,Capsule,250mg,Thrice daily,2023-01-27,2023-02-06,d_00043
366,p_00079,Pantoprazole,Tablet,40mg,Once daily,2023-01-21,2023-02-06,d_00043
367,p_00148,Ranitidine,Tablet,150mg,Once daily,2023-01-16,2023-01-17,d_00034
368,p_00148,Amoxicillin,Capsule,250mg,Thrice daily,2023-01-11,2023-01-19,d_00034
369,p_00027,Ibuprofen,Tablet,200mg,Twice daily,2023-01-28,2023-01-30,d_00023
370,p_00027,Paracetamol,Tablet,500mg,Twice daily,2023-01-20,2023-01-24,d_00023
371,p_00027,Pantoprazole,Tablet,40mg,Once daily,2023-02-04,2023-02-06,d_00023
372,p_00027,Enoxaparin,Injection,40mg,Once daily,2023-01-24,2023-02-08,d_00023
373,p_00242,Ranitidine,Tablet,150mg,Once daily,2023-01-01,2023-01-19,d_00043
374,p_00242,Paracetamol,Tablet,500mg,Twice daily,2023-01-10,2023-01-11,d_00043
375,p_00242,Pantoprazole,Tablet,40mg,Once daily,2023-01-11,2023-01-24,d_00043
376,p_00165,Enoxaparin,Injection,40mg,Once daily,2023-01-03,2023-01-06,d_00039
377,p_00165,Ranitidine,Tablet,150mg,Once daily,2023-01-02,2023-01-15,d_00039
378,p_00244,Azithromycin,Tablet,500mg,Once daily,2023-01-21,2023-02-06,d_00019
379,p_00244,Enoxaparin,Injection,40mg,Once daily,2023-02-01,2023-02-08,d_00019
380,p_00138,Paracetamol,Tablet,500mg,Twice daily,2023-01-08,2023-01-17,d_00026
381,p_00138,Azithromycin,Tablet,500mg,Once daily,2023-01-10,2023-01-26,d_00026
382,p_00001,Amoxicillin,Capsule,250mg,Thrice daily,2023-02-25,2023-03-01,d_00006
383,p_00001,Ranitidine,Tablet,150mg,Once daily,2023-01-24,2023-02-07,d_00006
384,p_00003,Azithromycin,Tablet,500mg,Once daily,2023-01-21,2023-01-27,d_00009
385,p_00003,Ranitidine,Tablet,150mg,Once daily,2023-01-20,2023-01-30,d_00009
386,p_00003,Pantoprazole,Tablet,40mg,Once daily,2023-02-08,2023-02-19,d_00009
387,p_00003,Ceftriaxone,Injection,1g,Once daily,2023-01-27,2023-02-13,d_00009
388,p_00003,Ibuprofen,Tablet,200mg,Twice daily,2023-01-03,2023-01-07,d_00009
389,p_00078,Ibuprofen,Tablet,200mg,Twice daily,2023-02-03,2023-02-09,d_00026
390,p_00078,Enoxaparin,Injection,40mg,Once daily,2023-01-24,2023-02-08,d_00026
391,p_00078,Paracetamol,Tablet,500mg,Twice daily,2023-01-14,2023-02-03,d_00026
392,p_00078,Pantoprazole,Tablet,40mg,Once daily,2023-01-31,2023-02-09,d_00026
393,p_00078,Azithromycin,Tablet,500mg,Once daily,2023-02-01,2023-02-07,d_00026
394,p_00047,Pantoprazole,Tablet,40mg,Once daily,2023-01-10,2023-01-13,d_00046
395,p_00047,Paracetamol,Tablet,500mg,Twice daily,2023-01-10,2023-01-12,d_00046
396,p_00101,Ceftriaxone,Injection,1g,Once daily,2023-01-12,2023-01-17,d_00012
397,p_00101,Ibuprofen,Tablet,200mg,Twice daily,2023-01-12,2023-01-14,d_00012
398,p_00128,Pantoprazole,Tablet,40mg,Once daily,2023-01-06,2023-01-18,d_00011
399,p_00128,Amoxicillin,Capsule,250mg,Thrice daily,2023-01-27,2023-02-06,d_00011
400,p_00151,Ranitidine,Tablet,150mg,Once daily,2023-01-27,2023-02-06,d_00012
401,p_00151,Amoxicillin,Capsule,250mg,Thrice daily,2023-01-25,2023-02-01,d_00012
402,p_00249,Amoxicillin,Capsule,250mg,Thrice daily,2023-01-14,2023-01-21,d_00032
403,p_00249,Ibuprofen,Tablet,200mg,Twice daily,2023-01-21,2023-01-26,d_00032
404,p_00249,Pantoprazole,Tablet,40mg,Once daily,2023-01-18,2023-01-26,d_00032
405,p_00091,Azithromycin,Tablet,500mg,Once daily,2023-01-29,2023-02-06,d_00005
406,p_00091,Amoxicillin,Capsule,250mg,Thrice daily,2023-02-11,2023-02-28,d_00005
407,p_00091,Enoxaparin,Injection,40mg,Once daily,2023-02-04,2023-02-10,d_00005
408,p_00091,Ibuprofen,Tablet,200mg,Twice daily,2023-02-13,2023-02-15,d_00005
409,p_00086,Paracetamol,Tablet,500mg,Twice daily,2023-01-12,2023-01-17,d_00019
410,p_00086,Pantoprazole,Tablet,40mg,Once daily,2023-01-20,2023-01-26,d_00019
411,p_00086,Ceftriaxone,Injection,1g,Once daily,2023-01-19,2023-01-22,d_00019
412,p_00176,Ibuprofen,Tablet,200mg,Twice daily,2023-01-04,2023-01-24,d_00013
413,p_00176,Amoxicillin,Capsule,250mg,Thrice daily,2023-01-13,2023-01-24,d_00013
414,p_00176,Enoxaparin,Injection,40mg,Once daily,2023-01-23,2023-02-12,d_00013
415,p_00196,Enoxaparin,Injection,40mg,Once daily,2023-01-07,2023-01-26,d_00038
416,p_00196,Paracetamol,Tablet,500mg,Twice daily,2023-02-12,2023-02-13,d_00038
417,p_00196,Azithromycin,Tablet,500mg,Once daily,2023-01-30,2023-01-31,d_00038
418,p_00099,Enoxaparin,Injection,40mg,Once daily,2023-01-21,2023-02-04,d_00038
419,p_00099,Ceftriaxone,Injection,1g,Once daily,2023-02-23,2023-02-24,d_00038
420,p_00037,Paracetamol,Tablet,500mg,Twice daily,2023-01-14,2023-01-16,d_00018
421,p_00037,Amoxicillin,Capsule,250mg,Thrice daily,2023-01-14,2023-01-16,d_00018
422,p_00037,Ranitidine,Tablet,150mg,Once daily,2023-01-14,2023-01-16,d_00018
423,p_00037,Pantoprazole,Tablet,40mg,Once daily,2023-01-14,2023-01-15,d_00018
424,p_00062,Azithromycin,Tablet,500mg,Once daily,2023-02-23,2023-02-28,d_00028
425,p_00062,Enoxaparin,Injection,40mg,Once daily,2023-01-22,2023-02-11,d_00028
426,p_00062,Amoxicillin,Capsule,250mg,Thrice daily,2023-02-01,2023-02-14,d_00028
427,p_00062,Ibuprofen,Tablet,200mg,Twice daily,2023-01-28,2023-02-06,d_00028
428,p_00163,Pantoprazole,Tablet,40mg,Once daily,2023-01-03,2023-01-20,d_00028
429,p_00163,Paracetamol,Tablet,500mg,Twice daily,2023-01-16,2023-01-26,d_00028
430,p_00140,Enoxaparin,Injection,40mg,Once daily,2023-01-13,2023-01-24,d_00008
431,p_00140,Ceftriaxone,Injection,1g,Once daily,2023-02-23,2023-03-04,d_00008
432,p_00012,Paracetamol,Tablet,500mg,Twice daily,2023-01-19,2023-01-28,d_00007
433,p_00012,Azithromycin,Tablet,500mg,Once daily,2023-01-17,2023-01-18,d_00007
434,p_00245,Azithromycin,Tablet,500mg,Once daily,2023-01-13,2023-01-19,d_00042
435,p_00245,Paracetamol,Tablet,500mg,Twice daily,2023-01-04,2023-01-13,d_00042
436,p_00245,Ceftriaxone,Injection,1g,Once daily,2023-01-16,2023-01-19,d_00042
437,p_00245,Enoxaparin,Injection,40mg,Once daily,2023-01-13,2023-01-23,d_00042
438,p_00199,Enoxaparin,Injection,40mg,Once daily,2023-01-16,2023-01-26,d_00044
439,p_00199,Paracetamol,Tablet,500mg,Twice daily,2023-01-19,2023-01-25,d_00044
440,p_00199,Ranitidine,Tablet,150mg,Once daily,2023-01-21,2023-01-24,d_00044
441,p_00199,Pantoprazole,Tablet,40mg,Once daily,2023-01-16,2023-01-19,d_00044
442,p_00028,Ibuprofen,Tablet,200mg,Twice daily,2023-01-23,2023-02-07,d_00023
443,p_00028,Ceftriaxone,Injection,1g,Once daily,2023-01-29,2023-01-30,d_00023
444,p_00156,Ceftriaxone,Injection,1g,Once daily,2023-01-06,2023-01-26,d_00017
445,p_00156,Enoxaparin,Injection,40mg,Once daily,2023-02-02,2023-02-13,d_00017
446,p_00005,Amoxicillin,Capsule,250mg,Thrice daily,2023-01-08,2023-01-14,d_00004
447,p_00005,Ranitidine,Tablet,150mg,Once daily,2023-01-09,2023-01-20,d_00004
448,p_00005,Pantoprazole,Tablet,40mg,Once daily,2023-01-07,2023-01-10,d_00004
449,p_00005,Paracetamol,Tablet,500mg,Twice daily,2023-01-15,2023-01-27,d_00004
450,p_00005,Ibuprofen,Tablet,200mg,Twice daily,2023-01-18,2023-01-25,d_00004
451,p_00123,Amoxicillin,Capsule,250mg,Thrice daily,2023-02-11,2023-02-17,d_00047
452,p_00123,Pantoprazole,Tablet,40mg,Once daily,2023-01-17,2023-01-18,d_00047
453,p_00123,Paracetamol,Tablet,500mg,Twice daily,2023-01-17,2023-01-23,d_00047
454,p_00123,Ibuprofen,Tablet,200mg,Twice daily,2023-02-04,2023-02-15,d_00047
455,p_00123,Enoxaparin,Injection,40mg,Once daily,2023-01-21,2023-02-10,d_00047
456,p_00033,Ranitidine,Tablet,150mg,Once daily,2023-01-19,2023-01-23,d_00031
457,p_00033,Pantoprazole,Tablet,40mg,Once daily,2023-01-13,2023-01-21,d_00031
458,p_00033,Azithromycin,Tablet,500mg,Once daily,2023-01-17,2023-01-22,d_00031
459,p_00033,Enoxaparin,Injection,40mg,Once daily,2023-01-16,2023-01-21,d_00031
460,p_00033,Ibuprofen,Tablet,200mg,Twice daily,2023-01-13,2023-01-20,d_00031
461,p_00145,Ceftriaxone,Injection,1g,Once daily,2023-02-21,2023-02-22,d_00035
462,p_00145,Amoxicillin,Capsule,250mg,Thrice daily,2023-02-26,2023-03-01,d_00035
463,p_00179,Amoxicillin,Capsule,250mg,Thrice daily,2023-03-02,2023-03-11,d_00018
464,p_00179,Ranitidine,Tablet,150mg,Once daily,2023-02-07,2023-02-12,d_00018
465,p_00179,Pantoprazole,Tablet,40mg,Once daily,2023-01-28,2023-02-08,d_00018
466,p_00179,Azithromycin,Tablet,500mg,Once daily,2023-01-28,2023-02-01,d_00018
467,p_00139,Ranitidine,Tablet,150mg,Once daily,2023-01-16,2023-01-24,d_00014
468,p_00139,Azithromycin,Tablet,500mg,Once daily,2023-01-15,2023-01-18,d_00014
469,p_00063,Pantoprazole,Tablet,40mg,Once daily,2023-01-14,2023-01-17,d_00019
470,p_00063,Azithromycin,Tablet,500mg,Once daily,2023-01-14,2023-01-16,d_00019
471,p_00063,Ibuprofen,Tablet,200mg,Twice daily,2023-01-14,2023-01-18,d_00019
472,p_00063,Ceftriaxone,Injection,1g,Once daily,2023-01-14,2023-01-15,d_00019
473,p_00063,Ranitidine,Tablet,150mg,Once daily,2023-01-14,2023-01-16,d_00019
474,p_00136,Paracetamol,Tablet,500mg,Twice daily,2023-02-02,2023-02-04,d_00045
475,p_00136,Ibuprofen,Tablet,200mg,Twice daily,2023-01-29,2023-02-12,d_00045
476,p_00136,Ranitidine,Tablet,150mg,Once daily,2023-02-21,2023-02-23,d_00045
477,p_00136,Azithromycin,Tablet,500mg,Once daily,2023-01-21,2023-02-01,d_00045
478,p_00136,Amoxicillin,Capsule,250mg,Thrice daily,2023-02-16,2023-02-22,d_00045
479,p_00129,Amoxicillin,Capsule,250mg,Thrice daily,2023-01-22,2023-01-30,d_00018
480,p_00129,Ranitidine,Tablet,150mg,Once daily,2023-01-21,2023-01-25,d_00018
481,p_00129,Ceftriaxone,Injection,1g,Once daily,2023-01-22,2023-01-28,d_00018
482,p_00129,Azithromycin,Tablet,500mg,Once daily,2023-01-25,2023-01-28,d_00018
483,p_00227,Amoxicillin,Capsule,250mg,Thrice daily,2023-01-13,2023-01-16,d_00031
484,p_00227,Ceftriaxone,Injection,1g,Once daily,2023-01-13,2023-01-16,d_00031
485,p_00227,Paracetamol,Tablet,500mg,Twice daily,2023-01-13,2023-01-16,d_00031
486,p_00206,Paracetamol,Tablet,500mg,Twice daily,2023-02-13,2023-03-04,d_00006
487,p_00206,Enoxaparin,Injection,40mg,Once daily,2023-02-06,2023-02-26,d_00006
488,p_00206,Amoxicillin,Capsule,250mg,Thrice daily,2023-02-19,2023-03-03,d_00006
489,p_00071,Amoxicillin,Capsule,250mg,Thrice daily,2023-02-07,2023-02-15,d_00017
490,p_00071,Pantoprazole,Tablet,40mg,Once daily,2023-01-29,2023-02-07,d_00017
491,p_00071,Enoxaparin,Injection,40mg,Once daily,2023-02-18,2023-02-21,d_00017
492,p_00193,Paracetamol,Tablet,500mg,Twice daily,2023-01-17,2023-01-24,d_00039
493,p_00193,Ceftriaxone,Injection,1g,Once daily,2023-02-20,2023-03-06,d_00039
494,p_00193,Enoxaparin,Injection,40mg,Once daily,2023-01-16,2023-01-31,d_00039
495,p_00193,Amoxicillin,Capsule,250mg,Thrice daily,2023-01-22,2023-02-01,d_00039
496,p_00193,Pantoprazole,Tablet,40mg,Once daily,2023-01-24,2023-02-04,d_00039
497,p_00065,Ibuprofen,Tablet,200mg,Twice daily,2023-02-11,2023-02-19,d_00011
498,p_00065,Pantoprazole,Tablet,40mg,Once daily,2023-01-23,2023-02-03,d_00011
499,p_00065,Amoxicillin,Capsule,250mg,Thrice daily,2023-02-23,2023-02-24,d_00011
500,p_00065,Azithromycin,Tablet,500mg,Once daily,2023-02-01,2023-02-12,d_00011
501,p_00045,Ceftriaxone,Injection,1g,Once daily,2023-02-22,2023-02-25,d_00011
502,p_00045,Enoxaparin,Injection,40mg,Once daily,2023-03-01,2023-03-04,d_00011
503,p_00045,Azithromycin,Tablet,500mg,Once daily,2023-01-24,2023-02-07,d_00011
504,p_00166,Amoxicillin,Capsule,250mg,Thrice daily,2023-01-12,2023-01-22,d_00026
505,p_00166,Paracetamol,Tablet,500mg,Twice daily,2023-01-11,2023-01-24,d_00026
506,p_00166,Ibuprofen,Tablet,200mg,Twice daily,2023-01-31,2023-02-09,d_00026
507,p_00166,Ranitidine,Tablet,150mg,Once daily,2023-01-11,2023-01-23,d_00026
508,p_00041,Ibuprofen,Tablet,200mg,Twice daily,2023-01-08,2023-01-20,d_00010
509,p_00041,Enoxaparin,Injection,40mg,Once daily,2023-01-09,2023-01-27,d_00010
510,p_00124,Enoxaparin,Injection,40mg,Once daily,2023-01-31,2023-02-04,d_00046
511,p_00124,Amoxicillin,Capsule,250mg,Thrice daily,2023-01-13,2023-01-19,d_00046
512,p_00124,Pantoprazole,Tablet,40mg,Once daily,2023-01-10,2023-01-25,d_00046
513,p_00154,Enoxaparin,Injection,40mg,Once daily,2023-02-14,2023-02-16,d_00039
514,p_00154,Azithromycin,Tablet,500mg,Once daily,2023-02-06,2023-02-09,d_00039
515,p_00024,Pantoprazole,Tablet,40mg,Once daily,2023-01-16,2023-01-18,d_00025
516,p_00024,Ranitidine,Tablet,150mg,Once daily,2023-02-02,2023-02-08,d_00025
517,p_00024,Paracetamol,Tablet,500mg,Twice daily,2023-02-01,2023-02-08,d_00025
518,p_00024,Azithromycin,Tablet,500mg,Once daily,2023-01-22,2023-02-04,d_00025
519,p_00024,Enoxaparin,Injection,40mg,Once daily,2023-01-23,2023-02-11,d_00025
520,p_00212,Ranitidine,Tablet,150mg,Once daily,2023-01-26,2023-01-27,d_00016
521,p_00212,Ceftriaxone,Injection,1g,Once daily,2023-01-14,2023-01-21,d_00016
522,p_00184,Amoxicillin,Capsule,250mg,Thrice daily,2023-01-21,2023-02-01,d_00008
523,p_00184,Ibuprofen,Tablet,200mg,Twice daily,2023-01-17,2023-01-30,d_00008
524,p_00184,Azithromycin,Tablet,500mg,Once daily,2023-01-27,2023-01-30,d_00008
525,p_00184,Pantoprazole,Tablet,40mg,Once daily,2023-01-23,2023-01-31,d_00008
526,p_00082,Ibuprofen,Tablet,200mg,Twice daily,2023-01-13,2023-01-25,d_00021
527,p_00082,Amoxicillin,Capsule,250mg,Thrice daily,2023-01-27,2023-01-29,d_00021
528,p_00082,Ranitidine,Tablet,150mg,Once daily,2023-01-27,2023-01-28,d_00021
529,p_00040,Ceftriaxone,Injection,1g,Once daily,2023-02-19,2023-02-21,d_00042
530,p_00040,Amoxicillin,Capsule,250mg,Thrice daily,2023-01-09,2023-01-10,d_00042
531,p_00210,Ceftriaxone,Injection,1g,Once daily,2023-02-03,2023-02-06,d_00022
532,p_00210,Pantoprazole,Tablet,40mg,Once daily,2023-03-02,2023-03-04,d_00022
533,p_00210,Paracetamol,Tablet,500mg,Twice daily,2023-02-03,2023-02-19,d_00022
534,p_00210,Ibuprofen,Tablet,200mg,Twice daily,2023-02-25,2023-03-06,d_00022
535,p_00048,Ranitidine,Tablet,150mg,Once daily,2023-01-10,2023-01-13,d_00007
536,p_00048,Amoxicillin,Capsule,250mg,Thrice daily,2023-01-11,2023-01-17,d_00007
537,p_00048,Ceftriaxone,Injection,1g,Once daily,2023-01-10,2023-01-11,d_00007
538,p_00048,Azithromycin,Tablet,500mg,Once daily,2023-01-15,2023-01-18,d_00007
539,p_00095,Pantoprazole,Tablet,40mg,Once daily,2023-01-08,2023-01-18,d_00033
540,p_00095,Azithromycin,Tablet,500mg,Once daily,2023-01-13,2023-01-17,d_00033
541,p_00095,Paracetamol,Tablet,500mg,Twice daily,2023-01-01,2023-01-17,d_00033
542,p_00095,Ibuprofen,Tablet,200mg,Twice daily,2023-01-01,2023-01-02,d_00033
543,p_00191,Pantoprazole,Tablet,40mg,Once daily,2023-01-19,2023-01-25,d_00009
544,p_00191,Azithromycin,Tablet,500mg,Once daily,2023-01-21,2023-01-25,d_00009
545,p_00162,Ibuprofen,Tablet,200mg,Twice daily,2023-01-18,2023-01-22,d_00048
546,p_00162,Amoxicillin,Capsule,250mg,Thrice daily,2023-01-16,2023-01-22,d_00048
547,p_00162,Azithromycin,Tablet,500mg,Once daily,2023-01-11,2023-01-18,d_00048
548,p_00044,Ibuprofen,Tablet,200mg,Twice daily,2023-01-23,2023-01-29,d_00046
549,p_00044,Ranitidine,Tablet,150mg,Once daily,2023-01-29,2023-01-30,d_00046
550,p_00044,Ceftriaxone,Injection,1g,Once daily,2023-01-16,2023-01-18,d_00046
551,p_00044,Enoxaparin,Injection,40mg,Once daily,2023-01-28,2023-02-04,d_00046
552,p_00044,Azithromycin,Tablet,500mg,Once daily,2023-01-17,2023-01-31,d_00046
553,p_00146,Ceftriaxone,Injection,1g,Once daily,2023-01-09,2023-01-11,d_00015
554,p_00146,Enoxaparin,Injection,40mg,Once daily,2023-01-05,2023-01-09,d_00015
555,p_00146,Pantoprazole,Tablet,40mg,Once daily,2023-01-09,2023-01-10,d_00015
556,p_00183,Amoxicillin,Capsule,250mg,Thrice daily,2023-01-13,2023-01-21,d_00038
557,p_00183,Pantoprazole,Tablet,40mg,Once daily,2023-01-17,2023-01-24,d_00038
558,p_00183,Ibuprofen,Tablet,200mg,Twice daily,2023-01-17,2023-01-22,d_00038
559,p_00183,Paracetamol,Tablet,500mg,Twice daily,2023-01-10,2023-01-23,d_00038
560,p_00183,Ranitidine,Tablet,150mg,Once daily,2023-01-13,2023-01-20,d_00038
561,p_00004,Paracetamol,Tablet,500mg,Twice daily,2023-02-17,2023-02-26,d_00036
562,p_00004,Azithromycin,Tablet,500mg,Once daily,2023-02-13,2023-02-16,d_00036
563,p_00004,Ibuprofen,Tablet,200mg,Twice daily,2023-01-13,2023-01-30,d_00036
564,p_00004,Ceftriaxone,Injection,1g,Once daily,2023-01-31,2023-02-20,d_00036
565,p_00106,Paracetamol,Tablet,500mg,Twice daily,2023-01-29,2023-02-15,d_00046
566,p_00106,Azithromycin,Tablet,500mg,Once daily,2023-01-31,2023-02-02,d_00046
567,p_00106,Enoxaparin,Injection,40mg,Once daily,2023-01-07,2023-01-16,d_00046
568,p_00106,Ceftriaxone,Injection,1g,Once daily,2023-02-01,2023-02-12,d_00046
569,p_00054,Pantoprazole,Tablet,40mg,Once daily,2023-02-20,2023-02-24,d_00038
570,p_00054,Paracetamol,Tablet,500mg,Twice daily,2023-02-06,2023-02-14,d_00038
571,p_00054,Azithromycin,Tablet,500mg,Once daily,2023-01-10,2023-01-21,d_00038
572,p_00054,Amoxicillin,Capsule,250mg,Thrice daily,2023-02-15,2023-02-22,d_00038
573,p_00134,Ranitidine,Tablet,150mg,Once daily,2023-01-11,2023-01-15,d_00050
574,p_00134,Paracetamol,Tablet,500mg,Twice daily,2023-01-08,2023-01-09,d_00050
575,p_00228,Azithromycin,Tablet,500mg,Once daily,2023-02-04,2023-02-06,d_00023
576,p_00228,Ibuprofen,Tablet,200mg,Twice daily,2023-01-13,2023-01-20,d_00023
577,p_00228,Ranitidine,Tablet,150mg,Once daily,2023-01-28,2023-02-11,d_00023
578,p_00194,Azithromycin,Tablet,500mg,Once daily,2023-01-31,2023-02-17,d_00018
579,p_00194,Paracetamol,Tablet,500mg,Twice daily,2023-01-14,2023-01-16,d_00018
580,p_00194,Enoxaparin,Injection,40mg,Once daily,2023-02-22,2023-02-25,d_00018
581,p_00233,Ranitidine,Tablet,150mg,Once daily,2023-01-13,2023-01-15,d_00003
582,p_00233,Pantoprazole,Tablet,40mg,Once daily,2023-01-16,2023-01-18,d_00003
583,p_00050,Pantoprazole,Tablet,40mg,Once daily,2023-01-12,2023-01-16,d_00050
584,p_00050,Paracetamol,Tablet,500mg,Twice daily,2023-01-12,2023-01-16,d_00050
585,p_00050,Amoxicillin,Capsule,250mg,Thrice daily,2023-01-12,2023-01-16,d_00050
586,p_00050,Ibuprofen,Tablet,200mg,Twice daily,2023-01-12,2023-01-13,d_00050
587,p_00164,Enoxaparin,Injection,40mg,Once daily,2023-02-12,2023-02-16,d_00022
588,p_00164,Ibuprofen,Tablet,200mg,Twice daily,2023-01-29,2023-02-07,d_00022
589,p_00164,Amoxicillin,Capsule,250mg,Thrice daily,2023-02-03,2023-02-14,d_00022
590,p_00164,Pantoprazole,Tablet,40mg,Once daily,2023-02-12,2023-02-17,d_00022
591,p_00081,Amoxicillin,Capsule,250mg,Thrice daily,2023-01-12,2023-01-14,d_00019
592,p_00081,Azithromycin,Tablet,500mg,Once daily,2023-02-24,2023-02-28,d_00019
593,p_00081,Pantoprazole,Tablet,40mg,Once daily,2023-02-04,2023-02-06,d_00019
594,p_00081,Ibuprofen,Tablet,200mg,Twice daily,2023-02-23,2023-03-04,d_00019
595,p_00035,Ceftriaxone,Injection,1g,Once daily,2023-01-13,2023-01-15,d_00039
596,p_00035,Enoxaparin,Injection,40mg,Once daily,2023-01-18,2023-01-20,d_00039
597,p_00035,Amoxicillin,Capsule,250mg,Thrice daily,2023-01-11,2023-01-19,d_00039
598,p_00035,Ranitidine,Tablet,150mg,Once daily,2023-01-13,2023-01-15,d_00039
599,p_00207,Ibuprofen,Tablet,200mg,Twice daily,2023-01-13,2023-02-02,d_00012
600,p_00207,Amoxicillin,Capsule,250mg,Thrice daily,2023-01-15,2023-01-16,d_00012
601,p_00008,Paracetamol,Tablet,500mg,Twice daily,2023-01-22,2023-01-29,d_00049
602,p_00008,Pantoprazole,Tablet,40mg,Once daily,2023-01-10,2023-01-25,d_00049
603,p_00008,Ranitidine,Tablet,150mg,Once daily,2023-01-14,2023-01-15,d_00049
604,p_00172,Ranitidine,Tablet,150mg,Once daily,2023-02-18,2023-03-08,d_00008
605,p_00172,Pantoprazole,Tablet,40mg,Once daily,2023-02-12,2023-03-04,d_00008
606,p_00172,Amoxicillin,Capsule,250mg,Thrice daily,2023-01-27,2023-02-09,d_00008
607,p_00172,Azithromycin,Tablet,500mg,Once daily,2023-01-24,2023-02-09,d_00008
608,p_00111,Pantoprazole,Tablet,40mg,Once daily,2023-01-31,2023-02-05,d_00019
609,p_00111,Paracetamol,Tablet,500mg,Twice daily,2023-01-25,2023-01-26,d_00019
610,p_00111,Enoxaparin,Injection,40mg,Once daily,2023-01-22,2023-02-05,d_00019
611,p_00111,Ceftriaxone,Injection,1g,Once daily,2023-01-28,2023-01-30,d_00019
612,p_00092,Ibuprofen,Tablet,200mg,Twice daily,2023-01-10,2023-01-19,d_00009
613,p_00092,Pantoprazole,Tablet,40mg,Once daily,2023-01-13,2023-01-24,d_00009
614,p_00084,Ranitidine,Tablet,150mg,Once daily,2023-02-02,2023-02-19,d_00023
615,p_00084,Ceftriaxone,Injection,1g,Once daily,2023-02-08,2023-02-10,d_00023
616,p_00084,Amoxicillin,Capsule,250mg,Thrice daily,2023-01-15,2023-01-24,d_00023
617,p_00084,Enoxaparin,Injection,40mg,Once daily,2023-01-20,2023-01-31,d_00023
618,p_00084,Ibuprofen,Tablet,200mg,Twice daily,2023-02-14,2023-02-15,d_00023
619,p_00224,Amoxicillin,Capsule,250mg,Thrice daily,2023-01-08,2023-01-27,d_00021
620,p_00224,Ibuprofen,Tablet,200mg,Twice daily,2023-01-26,2023-01-27,d_00021
621,p_00229,Azithromycin,Tablet,500mg,Once daily,2023-02-03,2023-02-07,d_00039
622,p_00229,Ranitidine,Tablet,150mg,Once daily,2023-01-13,2023-01-29,d_00039
623,p_00229,Paracetamol,Tablet,500mg,Twice daily,2023-01-23,2023-01-30,d_00039
624,p_00229,Ibuprofen,Tablet,200mg,Twice daily,2023-01-16,2023-01-23,d_00039
625,p_00229,Amoxicillin,Capsule,250mg,Thrice daily,2023-01-23,2023-01-28,d_00039
626,p_00090,Ceftriaxone,Injection,1g,Once daily,2023-01-13,2023-01-20,d_00028
627,p_00090,Ranitidine,Tablet,150mg,Once daily,2023-02-11,2023-02-18,d_00028
628,p_00009,Ranitidine,Tablet,150mg,Once daily,2023-01-31,2023-02-04,d_00045
629,p_00009,Ibuprofen,Tablet,200mg,Twice daily,2023-01-22,2023-01-26,d_00045
630,p_00009,Pantoprazole,Tablet,40mg,Once daily,2023-01-13,2023-01-26,d_00045
631,p_00009,Amoxicillin,Capsule,250mg,Thrice daily,2023-01-21,2023-01-29,d_00045
632,p_00009,Enoxaparin,Injection,40mg,Once daily,2023-01-26,2023-01-29,d_00045
633,p_00014,Pantoprazole,Tablet,40mg,Once daily,2023-01-14,2023-01-17,d_00033
634,p_00014,Paracetamol,Tablet,500mg,Twice daily,2023-01-14,2023-01-16,d_00033
635,p_00014,Ceftriaxone,Injection,1g,Once daily,2023-01-14,2023-01-16,d_00033
636,p_00014,Amoxicillin,Capsule,250mg,Thrice daily,2023-01-14,2023-01-16,d_00033
637,p_00014,Ibuprofen,Tablet,200mg,Twice daily,2023-01-14,2023-01-15,d_00033
638,p_00060,Paracetamol,Tablet,500mg,Twice daily,2023-01-10,2023-01-22,d_00030
639,p_00060,Amoxicillin,Capsule,250mg,Thrice daily,2023-01-06,2023-01-17,d_00030
640,p_00060,Ceftriaxone,Injection,1g,Once daily,2023-01-15,2023-01-21,d_00030
641,p_00060,Pantoprazole,Tablet,40mg,Once daily,2023-01-10,2023-01-20,d_00030
642,p_00060,Azithromycin,Tablet,500mg,Once daily,2023-01-12,2023-01-19,d_00030
643,p_00216,Ceftriaxone,Injection,1g,Once daily,2023-01-22,2023-01-29,d_00020
644,p_00216,Amoxicillin,Capsule,250mg,Thrice daily,2023-01-12,2023-01-26,d_00020
645,p_00216,Paracetamol,Tablet,500mg,Twice daily,2023-01-14,2023-01-17,d_00020
646,p_00132,Ibuprofen,Tablet,200mg,Twice daily,2023-01-28,2023-02-04,d_00046
647,p_00132,Paracetamol,Tablet,500mg,Twice daily,2023-01-21,2023-02-10,d_00046
648,p_00132,Azithromycin,Tablet,500mg,Once daily,2023-01-28,2023-02-03,d_00046
649,p_00018,Azithromycin,Tablet,500mg,Once daily,2023-01-19,2023-02-03,d_00016
650,p_00018,Pantoprazole,Tablet,40mg,Once daily,2023-01-23,2023-02-08,d_00016
651,p_00167,Ranitidine,Tablet,150mg,Once daily,2023-01-16,2023-01-21,d_00043
652,p_00167,Enoxaparin,Injection,40mg,Once daily,2023-01-23,2023-01-26,d_00043
653,p_00167,Pantoprazole,Tablet,40mg,Once daily,2023-01-24,2023-01-27,d_00043
654,p_00167,Amoxicillin,Capsule,250mg,Thrice daily,2023-01-21,2023-01-28,d_00043
655,p_00073,Pantoprazole,Tablet,40mg,Once daily,2023-01-20,2023-01-21,d_00046
656,p_00073,Paracetamol,Tablet,500mg,Twice daily,2023-01-22,2023-02-06,d_00046
657,p_00073,Ceftriaxone,Injection,1g,Once daily,2023-01-30,2023-02-15,d_00046
658,p_00073,Azithromycin,Tablet,500mg,Once daily,2023-01-26,2023-02-02,d_00046
659,p_00073,Ibuprofen,Tablet,200mg,Twice daily,2023-01-13,2023-01-23,d_00046
660,p_00221,Pantoprazole,Tablet,40mg,Once daily,2023-01-11,2023-01-12,d_00016
661,p_00221,Enoxaparin,Injection,40mg,Once daily,2023-01-06,2023-01-07,d_00016
662,p_00221,Azithromycin,Tablet,500mg,Once daily,2023-01-02,2023-01-05,d_00016
663,p_00135,Azithromycin,Tablet,500mg,Once daily,2023-01-19,2023-01-20,d_00017
664,p_00135,Ibuprofen,Tablet,200mg,Twice daily,2023-01-15,2023-01-19,d_00017
665,p_00135,Ranitidine,Tablet,150mg,Once daily,2023-01-20,2023-01-22,d_00017
666,p_00205,Azithromycin,Tablet,500mg,Once daily,2023-01-24,2023-01-28,d_00050
667,p_00205,Amoxicillin,Capsule,250mg,Thrice daily,2023-01-24,2023-01-31,d_00050
668,p_00205,Ceftriaxone,Injection,1g,Once daily,2023-01-22,2023-01-26,d_00050
